context_id,family,severity,selected_pressure_ids,selected_edges,rng_seed
C0002,MISSING_SENSOR,low,"177,219",,
C0002,SENSOR_NOISE,low,"187,259,253,121,103,219",,7.074376761698798e+17
C0002,SENSOR_BIAS,low,"111,159,149,173,249,219",,8.364831369271059e+18
C0002,STALE_SENSOR,low,"131,10,159,166,20,184",,
C0002,TOPOLOGY_MISMATCH,low,,171,
C0002,CROSS_SOURCE_CONFLICT,low,"173,259",,
C0002,MISSING_SENSOR,medium,"177,219,184,131,166,173",,
C0002,SENSOR_NOISE,medium,"187,259,253,121,103,219",,5.624881019803013e+18
C0002,SENSOR_BIAS,medium,"111,159,149,173,249,219",,8.843877594209874e+18
C0002,STALE_SENSOR,medium,"131,10,159,166,20,184",,
C0002,TOPOLOGY_MISMATCH,medium,,"171,275,217",
C0002,CROSS_SOURCE_CONFLICT,medium,"173,259,249,60,159,15",,
C0002,MISSING_SENSOR,high,"177,219,184,131,166,173,10,259,187,253",,
C0002,SENSOR_NOISE,high,"187,259,253,121,103,219",,8.5224421862113e+18
C0002,SENSOR_BIAS,high,"111,159,149,173,249,219",,5.221928029697145e+18
C0002,STALE_SENSOR,high,"131,10,159,166,20,184",,
C0002,TOPOLOGY_MISMATCH,high,,"171,275,217,113,215",
C0002,CROSS_SOURCE_CONFLICT,high,"173,259,249,60,159,15,243,103,231,10",,
C0018,MISSING_SENSOR,low,"60,10",,
C0018,SENSOR_NOISE,low,"184,159,253,15,203,243",,2.814028052006714e+18
C0018,SENSOR_BIAS,low,"121,111,219,208,166,177",,7.109964299460403e+18
C0018,STALE_SENSOR,low,"20,103,203,10,15,208",,
C0018,TOPOLOGY_MISMATCH,low,,281,
C0018,CROSS_SOURCE_CONFLICT,low,"173,103",,
C0018,MISSING_SENSOR,medium,"60,10,131,243,184,259",,
C0018,SENSOR_NOISE,medium,"184,159,253,15,203,243",,2.873506630531344e+18
C0018,SENSOR_BIAS,medium,"121,111,219,208,166,177",,7.938963680472823e+18
C0018,STALE_SENSOR,medium,"20,103,203,10,15,208",,
C0018,TOPOLOGY_MISMATCH,medium,,"281,123,147",
C0018,CROSS_SOURCE_CONFLICT,medium,"173,103,259,177,121,208",,
C0018,MISSING_SENSOR,high,"60,10,131,243,184,259,177,159,231,253",,
C0018,SENSOR_NOISE,high,"184,159,253,15,203,243",,7.245322173536825e+18
C0018,SENSOR_BIAS,high,"121,111,219,208,166,177",,7.015047243889779e+18
C0018,STALE_SENSOR,high,"20,103,203,10,15,208",,
C0018,TOPOLOGY_MISMATCH,high,,"281,123,147,295,229",
C0018,CROSS_SOURCE_CONFLICT,high,"173,103,259,177,121,208,15,187,203,166",,
C0039,MISSING_SENSOR,low,"259,208",,
C0039,SENSOR_NOISE,low,"249,184,231,177,243,166",,6.543534235100301e+18
C0039,SENSOR_BIAS,low,"159,243,103,259,20,231",,5.71526337166258e+18
C0039,STALE_SENSOR,low,"243,10,131,259,173,208",,
C0039,TOPOLOGY_MISMATCH,low,,307,
C0039,CROSS_SOURCE_CONFLICT,low,"111,15",,
C0039,MISSING_SENSOR,medium,"259,208,159,167,15,231",,
C0039,SENSOR_NOISE,medium,"249,184,231,177,243,166",,3.337398756693379e+18
C0039,SENSOR_BIAS,medium,"159,243,103,259,20,231",,2.0456249193750858e+18
C0039,STALE_SENSOR,medium,"243,10,131,259,173,208",,
C0039,TOPOLOGY_MISMATCH,medium,,"307,213,153",
C0039,CROSS_SOURCE_CONFLICT,medium,"111,15,231,20,259,131",,
C0039,MISSING_SENSOR,high,"259,208,159,167,15,231,20,249,243,10",,
C0039,SENSOR_NOISE,high,"249,184,231,177,243,166",,5.068878654471209e+18
C0039,SENSOR_BIAS,high,"159,243,103,259,20,231",,5.11569044459409e+18
C0039,STALE_SENSOR,high,"243,10,131,259,173,208",,
C0039,TOPOLOGY_MISMATCH,high,,"307,213,153,323,204",
C0039,CROSS_SOURCE_CONFLICT,high,"111,15,231,20,259,131,253,243,208,219",,
C0048,MISSING_SENSOR,low,"15,231",,
C0048,SENSOR_NOISE,low,"167,231,184,203,10,103",,8.3973767828255e+18
C0048,SENSOR_BIAS,low,"173,121,184,243,219,20",,6.183004417108414e+18
C0048,STALE_SENSOR,low,"159,231,208,184,131,187",,
C0048,TOPOLOGY_MISMATCH,low,,202,
C0048,CROSS_SOURCE_CONFLICT,low,"20,60",,
C0048,MISSING_SENSOR,medium,"15,231,173,243,121,187",,
C0048,SENSOR_NOISE,medium,"167,231,184,203,10,103",,5.351863636308474e+18
C0048,SENSOR_BIAS,medium,"173,121,184,243,219,20",,4.90211067206087e+18
C0048,STALE_SENSOR,medium,"159,231,208,184,131,187",,
C0048,TOPOLOGY_MISMATCH,medium,,"202,285,119",
C0048,CROSS_SOURCE_CONFLICT,medium,"20,60,121,111,259,203",,
C0048,MISSING_SENSOR,high,"15,231,173,243,121,187,103,253,259,10",,
C0048,SENSOR_NOISE,high,"167,231,184,203,10,103",,8.126863725382121e+18
C0048,SENSOR_BIAS,high,"173,121,184,243,219,20",,7.547116294157083e+17
C0048,STALE_SENSOR,high,"159,231,208,184,131,187",,
C0048,TOPOLOGY_MISMATCH,high,,"202,285,119,299,163",
C0048,CROSS_SOURCE_CONFLICT,high,"20,60,121,111,259,203,184,219,15,249",,
C0056,MISSING_SENSOR,low,"166,167",,
C0056,SENSOR_NOISE,low,"15,166,184,111,103,159",,7.176320058456769e+18
C0056,SENSOR_BIAS,low,"259,111,249,131,20,231",,1.0563474048680886e+18
C0056,STALE_SENSOR,low,"187,173,167,203,20,131",,
C0056,TOPOLOGY_MISMATCH,low,,330,
C0056,CROSS_SOURCE_CONFLICT,low,"231,10",,
C0056,MISSING_SENSOR,medium,"166,167,184,121,149,60",,
C0056,SENSOR_NOISE,medium,"15,166,184,111,103,159",,3.625608270351482e+18
C0056,SENSOR_BIAS,medium,"259,111,249,131,20,231",,5.785232450142609e+18
C0056,STALE_SENSOR,medium,"187,173,167,203,20,131",,
C0056,TOPOLOGY_MISMATCH,medium,,"330,261,275",
C0056,CROSS_SOURCE_CONFLICT,medium,"231,10,131,159,20,243",,
C0056,MISSING_SENSOR,high,"166,167,184,121,149,60,15,203,243,219",,
C0056,SENSOR_NOISE,high,"15,166,184,111,103,159",,8.412208419976842e+17
C0056,SENSOR_BIAS,high,"259,111,249,131,20,231",,3.299963051613382e+18
C0056,STALE_SENSOR,high,"187,173,167,203,20,131",,
C0056,TOPOLOGY_MISMATCH,high,,"330,261,275,120,147",
C0056,CROSS_SOURCE_CONFLICT,high,"231,10,131,159,20,243,177,187,173,103",,
C0059,MISSING_SENSOR,low,"243,10",,
C0059,SENSOR_NOISE,low,"208,184,166,243,121,249",,7.434369876064308e+18
C0059,SENSOR_BIAS,low,"167,231,10,219,259,203",,3.438944978658711e+17
C0059,STALE_SENSOR,low,"159,10,259,187,184,208",,
C0059,TOPOLOGY_MISMATCH,low,,295,
C0059,CROSS_SOURCE_CONFLICT,low,"231,187",,
C0059,MISSING_SENSOR,medium,"243,10,20,177,15,259",,
C0059,SENSOR_NOISE,medium,"208,184,166,243,121,249",,6.2602215953504e+18
C0059,SENSOR_BIAS,medium,"167,231,10,219,259,203",,3.0997409399373727e+18
C0059,STALE_SENSOR,medium,"159,10,259,187,184,208",,
C0059,TOPOLOGY_MISMATCH,medium,,"295,305,261",
C0059,CROSS_SOURCE_CONFLICT,medium,"231,187,131,149,219,111",,
C0059,MISSING_SENSOR,high,"243,10,20,177,15,259,149,103,253,167",,
C0059,SENSOR_NOISE,high,"208,184,166,243,121,249",,1.3202380321039724e+18
C0059,SENSOR_BIAS,high,"167,231,10,219,259,203",,1.5534684152235668e+18
C0059,STALE_SENSOR,high,"159,10,259,187,184,208",,
C0059,TOPOLOGY_MISMATCH,high,,"295,305,261,197,237",
C0059,CROSS_SOURCE_CONFLICT,high,"231,187,131,149,219,111,159,60,259,253",,
C0070,MISSING_SENSOR,low,"259,253",,
C0070,SENSOR_NOISE,low,"149,231,131,177,121,159",,8.742573125089031e+18
C0070,SENSOR_BIAS,low,"249,187,184,243,20,10",,8.817151549361768e+18
C0070,STALE_SENSOR,low,"167,177,219,131,20,10",,
C0070,TOPOLOGY_MISMATCH,low,,239,
C0070,CROSS_SOURCE_CONFLICT,low,"20,203",,
C0070,MISSING_SENSOR,medium,"259,253,149,184,10,249",,
C0070,SENSOR_NOISE,medium,"149,231,131,177,121,159",,3.8363859999554335e+18
C0070,SENSOR_BIAS,medium,"249,187,184,243,20,10",,5.417852122248127e+18
C0070,STALE_SENSOR,medium,"167,177,219,131,20,10",,
C0070,TOPOLOGY_MISMATCH,medium,,"239,203,105",
C0070,CROSS_SOURCE_CONFLICT,medium,"20,203,111,177,10,166",,
C0070,MISSING_SENSOR,high,"259,253,149,184,10,249,187,243,203,111",,
C0070,SENSOR_NOISE,high,"149,231,131,177,121,159",,6.933349682448568e+18
C0070,SENSOR_BIAS,high,"249,187,184,243,20,10",,5.174908062039721e+16
C0070,STALE_SENSOR,high,"167,177,219,131,20,10",,
C0070,TOPOLOGY_MISMATCH,high,,"239,203,105,202,169",
C0070,CROSS_SOURCE_CONFLICT,high,"20,203,111,177,10,166,219,121,187,131",,
C0076,MISSING_SENSOR,low,"243,203",,
C0076,SENSOR_NOISE,low,"187,10,231,167,253,111",,7.378750378234597e+17
C0076,SENSOR_BIAS,low,"253,249,173,259,15,243",,7.626526183693206e+18
C0076,STALE_SENSOR,low,"231,253,173,184,103,243",,
C0076,TOPOLOGY_MISMATCH,low,,301,
C0076,CROSS_SOURCE_CONFLICT,low,"184,259",,
C0076,MISSING_SENSOR,medium,"243,203,259,208,187,219",,
C0076,SENSOR_NOISE,medium,"187,10,231,167,253,111",,4.0174158976291144e+18
C0076,SENSOR_BIAS,medium,"253,249,173,259,15,243",,1.3750234521326976e+18
C0076,STALE_SENSOR,medium,"231,253,173,184,103,243",,
C0076,TOPOLOGY_MISMATCH,medium,,"301,117,221",
C0076,CROSS_SOURCE_CONFLICT,medium,"184,259,173,187,15,20",,
C0076,MISSING_SENSOR,high,"243,203,259,208,187,219,10,20,111,167",,
C0076,SENSOR_NOISE,high,"187,10,231,167,253,111",,8.738705827769228e+18
C0076,SENSOR_BIAS,high,"253,249,173,259,15,243",,8.507406453461713e+18
C0076,STALE_SENSOR,high,"231,253,173,184,103,243",,
C0076,TOPOLOGY_MISMATCH,high,,"301,117,221,225,207",
C0076,CROSS_SOURCE_CONFLICT,high,"184,259,173,187,15,20,166,10,103,159",,
C0090,MISSING_SENSOR,low,"203,159",,
C0090,SENSOR_NOISE,low,"159,10,219,177,149,187",,1.1027470275200433e+18
C0090,SENSOR_BIAS,low,"10,231,177,208,253,159",,3.251826431254906e+18
C0090,STALE_SENSOR,low,"15,219,187,177,231,121",,
C0090,TOPOLOGY_MISMATCH,low,,112,
C0090,CROSS_SOURCE_CONFLICT,low,"187,131",,
C0090,MISSING_SENSOR,medium,"203,159,10,103,208,253",,
C0090,SENSOR_NOISE,medium,"159,10,219,177,149,187",,4.486991034289578e+17
C0090,SENSOR_BIAS,medium,"10,231,177,208,253,159",,4.44011623980973e+18
C0090,STALE_SENSOR,medium,"15,219,187,177,231,121",,
C0090,TOPOLOGY_MISMATCH,medium,,"112,237,115",
C0090,CROSS_SOURCE_CONFLICT,medium,"187,131,167,10,121,177",,
C0090,MISSING_SENSOR,high,"203,159,10,103,208,253,173,167,60,259",,
C0090,SENSOR_NOISE,high,"159,10,219,177,149,187",,3.4206094435885914e+17
C0090,SENSOR_BIAS,high,"10,231,177,208,253,159",,4.989722717048944e+18
C0090,STALE_SENSOR,high,"15,219,187,177,231,121",,
C0090,TOPOLOGY_MISMATCH,high,,"112,237,115,161,245",
C0090,CROSS_SOURCE_CONFLICT,high,"187,131,167,10,121,177,159,249,184,231",,
C0092,MISSING_SENSOR,low,"166,15",,
C0092,SENSOR_NOISE,low,"219,243,253,184,149,20",,8.404095423027852e+18
C0092,SENSOR_BIAS,low,"203,159,208,149,184,253",,6.10820850190088e+18
C0092,STALE_SENSOR,low,"231,259,121,208,131,219",,
C0092,TOPOLOGY_MISMATCH,low,,111,
C0092,CROSS_SOURCE_CONFLICT,low,"249,219",,
C0092,MISSING_SENSOR,medium,"166,15,208,167,131,103",,
C0092,SENSOR_NOISE,medium,"219,243,253,184,149,20",,8.525152539988667e+18
C0092,SENSOR_BIAS,medium,"203,159,208,149,184,253",,5.171070133945174e+18
C0092,STALE_SENSOR,medium,"231,259,121,208,131,219",,
C0092,TOPOLOGY_MISMATCH,medium,,"111,187,114",
C0092,CROSS_SOURCE_CONFLICT,medium,"249,219,166,231,259,131",,
C0092,MISSING_SENSOR,high,"166,15,208,167,131,103,20,173,149,219",,
C0092,SENSOR_NOISE,high,"219,243,253,184,149,20",,3.8339949325173263e+18
C0092,SENSOR_BIAS,high,"203,159,208,149,184,253",,1.844249532982501e+18
C0092,STALE_SENSOR,high,"231,259,121,208,131,219",,
C0092,TOPOLOGY_MISMATCH,high,,"111,187,114,219,223",
C0092,CROSS_SOURCE_CONFLICT,high,"249,219,166,231,259,131,15,177,103,20",,
C0093,MISSING_SENSOR,low,"184,166",,
C0093,SENSOR_NOISE,low,"131,10,173,111,243,15",,3.1052697381464545e+18
C0093,SENSOR_BIAS,low,"10,15,259,103,203,173",,8.609953799591753e+18
C0093,STALE_SENSOR,low,"121,111,166,177,249,10",,
C0093,TOPOLOGY_MISMATCH,low,,114,
C0093,CROSS_SOURCE_CONFLICT,low,"111,208",,
C0093,MISSING_SENSOR,medium,"184,166,15,173,208,187",,
C0093,SENSOR_NOISE,medium,"131,10,173,111,243,15",,9.345910985956698e+17
C0093,SENSOR_BIAS,medium,"10,15,259,103,203,173",,3.099970693997068e+18
C0093,STALE_SENSOR,medium,"121,111,166,177,249,10",,
C0093,TOPOLOGY_MISMATCH,medium,,"114,309,207",
C0093,CROSS_SOURCE_CONFLICT,medium,"111,208,166,121,149,259",,
C0093,MISSING_SENSOR,high,"184,166,15,173,208,187,219,167,203,111",,
C0093,SENSOR_NOISE,high,"131,10,173,111,243,15",,9.269114120664788e+17
C0093,SENSOR_BIAS,high,"10,15,259,103,203,173",,7.547782200244448e+18
C0093,STALE_SENSOR,high,"121,111,166,177,249,10",,
C0093,TOPOLOGY_MISMATCH,high,,"114,309,207,177,323",
C0093,CROSS_SOURCE_CONFLICT,high,"111,208,166,121,149,259,159,253,60,15",,
C0097,MISSING_SENSOR,low,"243,20",,
C0097,SENSOR_NOISE,low,"159,187,103,219,173,253",,3.4046668748279706e+18
C0097,SENSOR_BIAS,low,"219,208,166,253,243,259",,1.5264726283598374e+18
C0097,STALE_SENSOR,low,"111,166,187,167,203,249",,
C0097,TOPOLOGY_MISMATCH,low,,199,
C0097,CROSS_SOURCE_CONFLICT,low,"159,111",,
C0097,MISSING_SENSOR,medium,"243,20,253,149,103,121",,
C0097,SENSOR_NOISE,medium,"159,187,103,219,173,253",,1.024852059569524e+18
C0097,SENSOR_BIAS,medium,"219,208,166,253,243,259",,6.578693366409838e+18
C0097,STALE_SENSOR,medium,"111,166,187,167,203,249",,
C0097,TOPOLOGY_MISMATCH,medium,,"199,205,215",
C0097,CROSS_SOURCE_CONFLICT,medium,"159,111,20,121,15,219",,
C0097,MISSING_SENSOR,high,"243,20,253,149,103,121,167,131,111,15",,
C0097,SENSOR_NOISE,high,"159,187,103,219,173,253",,2.459273609901366e+18
C0097,SENSOR_BIAS,high,"219,208,166,253,243,259",,6.275826552034409e+18
C0097,STALE_SENSOR,high,"111,166,187,167,203,249",,
C0097,TOPOLOGY_MISMATCH,high,,"199,205,215,295,171",
C0097,CROSS_SOURCE_CONFLICT,high,"159,111,20,121,15,219,249,231,60,166",,
C0099,MISSING_SENSOR,low,"10,173",,
C0099,SENSOR_NOISE,low,"111,121,173,149,249,177",,7.87484824087265e+18
C0099,SENSOR_BIAS,low,"243,173,149,60,159,208",,6.679487619936735e+18
C0099,STALE_SENSOR,low,"231,20,208,187,243,167",,
C0099,TOPOLOGY_MISMATCH,low,,103,
C0099,CROSS_SOURCE_CONFLICT,low,"243,249",,
C0099,MISSING_SENSOR,medium,"10,173,249,60,187,253",,
C0099,SENSOR_NOISE,medium,"111,121,173,149,249,177",,4.338762075162707e+18
C0099,SENSOR_BIAS,medium,"243,173,149,60,159,208",,4.5826566842408975e+18
C0099,STALE_SENSOR,medium,"231,20,208,187,243,167",,
C0099,TOPOLOGY_MISMATCH,medium,,"103,217,281",
C0099,CROSS_SOURCE_CONFLICT,medium,"243,249,15,149,187,20",,
C0099,MISSING_SENSOR,high,"10,173,249,60,187,253,208,103,159,184",,
C0099,SENSOR_NOISE,high,"111,121,173,149,249,177",,5.115519751374257e+18
C0099,SENSOR_BIAS,high,"243,173,149,60,159,208",,4.076247695066056e+17
C0099,STALE_SENSOR,high,"231,20,208,187,243,167",,
C0099,TOPOLOGY_MISMATCH,high,,"103,217,281,285,215",
C0099,CROSS_SOURCE_CONFLICT,high,"243,249,15,149,187,20,253,60,111,121",,
C0102,MISSING_SENSOR,low,"203,149",,
C0102,SENSOR_NOISE,low,"149,166,60,249,111,10",,5.575221716933288e+18
C0102,SENSOR_BIAS,low,"10,173,20,231,177,219",,6.184992647093437e+18
C0102,STALE_SENSOR,low,"231,219,177,259,184,111",,
C0102,TOPOLOGY_MISMATCH,low,,281,
C0102,CROSS_SOURCE_CONFLICT,low,"173,208",,
C0102,MISSING_SENSOR,medium,"203,149,111,15,166,60",,
C0102,SENSOR_NOISE,medium,"149,166,60,249,111,10",,5.660300952421028e+18
C0102,SENSOR_BIAS,medium,"10,173,20,231,177,219",,4.865022673817406e+18
C0102,STALE_SENSOR,medium,"231,219,177,259,184,111",,
C0102,TOPOLOGY_MISMATCH,medium,,"281,239,171",
C0102,CROSS_SOURCE_CONFLICT,medium,"173,208,166,60,103,249",,
C0102,MISSING_SENSOR,high,"203,149,111,15,166,60,219,167,243,259",,
C0102,SENSOR_NOISE,high,"149,166,60,249,111,10",,1.2225381220504896e+18
C0102,SENSOR_BIAS,high,"10,173,20,231,177,219",,7.741664395566561e+18
C0102,STALE_SENSOR,high,"231,219,177,259,184,111",,
C0102,TOPOLOGY_MISMATCH,high,,"281,239,171,223,120",
C0102,CROSS_SOURCE_CONFLICT,high,"173,208,166,60,103,249,167,15,219,231",,
C0113,MISSING_SENSOR,low,"184,159",,
C0113,SENSOR_NOISE,low,"111,121,167,187,243,219",,3.696656431186131e+18
C0113,SENSOR_BIAS,low,"20,259,231,243,10,103",,4.5705436049110083e+18
C0113,STALE_SENSOR,low,"166,20,121,219,173,167",,
C0113,TOPOLOGY_MISMATCH,low,,315,
C0113,CROSS_SOURCE_CONFLICT,low,"219,243",,
C0113,MISSING_SENSOR,medium,"184,159,249,253,15,219",,
C0113,SENSOR_NOISE,medium,"111,121,167,187,243,219",,2.1978265672246776e+18
C0113,SENSOR_BIAS,medium,"20,259,231,243,10,103",,8.118638150420779e+18
C0113,STALE_SENSOR,medium,"166,20,121,219,173,167",,
C0113,TOPOLOGY_MISMATCH,medium,,"315,330,111",
C0113,CROSS_SOURCE_CONFLICT,medium,"219,243,259,177,149,159",,
C0113,MISSING_SENSOR,high,"184,159,249,253,15,219,173,149,20,121",,
C0113,SENSOR_NOISE,high,"111,121,167,187,243,219",,3.82271074733542e+18
C0113,SENSOR_BIAS,high,"20,259,231,243,10,103",,2.5378886502954327e+18
C0113,STALE_SENSOR,high,"166,20,121,219,173,167",,
C0113,TOPOLOGY_MISMATCH,high,,"315,330,111,237,171",
C0113,CROSS_SOURCE_CONFLICT,high,"219,243,259,177,149,159,15,103,203,253",,
C0120,MISSING_SENSOR,low,"177,60",,
C0120,SENSOR_NOISE,low,"177,166,173,231,219,15",,2.6825822475949834e+17
C0120,SENSOR_BIAS,low,"253,103,173,166,243,60",,8.852385325642348e+18
C0120,STALE_SENSOR,low,"60,111,173,243,219,259",,
C0120,TOPOLOGY_MISMATCH,low,,109,
C0120,CROSS_SOURCE_CONFLICT,low,"159,20",,
C0120,MISSING_SENSOR,medium,"177,60,121,203,149,184",,
C0120,SENSOR_NOISE,medium,"177,166,173,231,219,15",,1.2243358790110484e+18
C0120,SENSOR_BIAS,medium,"253,103,173,166,243,60",,7.781264817711327e+18
C0120,STALE_SENSOR,medium,"60,111,173,243,219,259",,
C0120,TOPOLOGY_MISMATCH,medium,,"109,171,221",
C0120,CROSS_SOURCE_CONFLICT,medium,"159,20,149,121,259,60",,
C0120,MISSING_SENSOR,high,"177,60,121,203,149,184,253,243,208,15",,
C0120,SENSOR_NOISE,high,"177,166,173,231,219,15",,4.2341714503300086e+18
C0120,SENSOR_BIAS,high,"253,103,173,166,243,60",,2.686835725576665e+18
C0120,STALE_SENSOR,high,"60,111,173,243,219,259",,
C0120,TOPOLOGY_MISMATCH,high,,"109,171,221,197,209",
C0120,CROSS_SOURCE_CONFLICT,high,"159,20,149,121,259,60,10,208,219,184",,
C0133,MISSING_SENSOR,low,"177,259",,
C0133,SENSOR_NOISE,low,"60,219,159,177,103,111",,4.9791969241279936e+17
C0133,SENSOR_BIAS,low,"121,249,219,231,149,111",,2.36258479653771e+18
C0133,STALE_SENSOR,low,"159,121,103,131,20,243",,
C0133,TOPOLOGY_MISMATCH,low,,330,
C0133,CROSS_SOURCE_CONFLICT,low,"166,121",,
C0133,MISSING_SENSOR,medium,"177,259,159,208,184,249",,
C0133,SENSOR_NOISE,medium,"60,219,159,177,103,111",,5.929058705357818e+18
C0133,SENSOR_BIAS,medium,"121,249,219,231,149,111",,1.334945777331886e+18
C0133,STALE_SENSOR,medium,"159,121,103,131,20,243",,
C0133,TOPOLOGY_MISMATCH,medium,,"330,211,219",
C0133,CROSS_SOURCE_CONFLICT,medium,"166,121,60,243,203,219",,
C0133,MISSING_SENSOR,high,"177,259,159,208,184,249,15,60,131,203",,
C0133,SENSOR_NOISE,high,"60,219,159,177,103,111",,8.251129288646397e+18
C0133,SENSOR_BIAS,high,"121,249,219,231,149,111",,7.538142957665198e+18
C0133,STALE_SENSOR,high,"159,121,103,131,20,243",,
C0133,TOPOLOGY_MISMATCH,high,,"330,211,219,111,225",
C0133,CROSS_SOURCE_CONFLICT,high,"166,121,60,243,203,219,259,15,253,10",,
C0146,MISSING_SENSOR,low,"243,15",,
C0146,SENSOR_NOISE,low,"103,259,121,111,15,219",,5.333688165129216e+18
C0146,SENSOR_BIAS,low,"60,177,249,103,166,173",,5.125992093082241e+18
C0146,STALE_SENSOR,low,"253,111,219,177,121,103",,
C0146,TOPOLOGY_MISMATCH,low,,117,
C0146,CROSS_SOURCE_CONFLICT,low,"208,167",,
C0146,MISSING_SENSOR,medium,"243,15,167,184,203,103",,
C0146,SENSOR_NOISE,medium,"103,259,121,111,15,219",,2.9459425155479793e+18
C0146,SENSOR_BIAS,medium,"60,177,249,103,166,173",,6.48043168848717e+18
C0146,STALE_SENSOR,medium,"253,111,219,177,121,103",,
C0146,TOPOLOGY_MISMATCH,medium,,"117,171,163",
C0146,CROSS_SOURCE_CONFLICT,medium,"208,167,131,187,121,159",,
C0146,MISSING_SENSOR,high,"243,15,167,184,203,103,249,166,208,253",,
C0146,SENSOR_NOISE,high,"103,259,121,111,15,219",,3.997852742938815e+18
C0146,SENSOR_BIAS,high,"60,177,249,103,166,173",,2.608188705033895e+18
C0146,STALE_SENSOR,high,"253,111,219,177,121,103",,
C0146,TOPOLOGY_MISMATCH,high,,"117,171,163,175,105",
C0146,CROSS_SOURCE_CONFLICT,high,"208,167,131,187,121,159,173,111,10,177",,
C0159,MISSING_SENSOR,low,"253,203",,
C0159,SENSOR_NOISE,low,"173,10,121,203,131,231",,7.748331320001251e+18
C0159,SENSOR_BIAS,low,"173,10,259,121,231,103",,6.803143254853213e+18
C0159,STALE_SENSOR,low,"249,159,177,10,253,259",,
C0159,TOPOLOGY_MISMATCH,low,,323,
C0159,CROSS_SOURCE_CONFLICT,low,"166,149",,
C0159,MISSING_SENSOR,medium,"253,203,20,15,111,243",,
C0159,SENSOR_NOISE,medium,"173,10,121,203,131,231",,3.753106446184919e+18
C0159,SENSOR_BIAS,medium,"173,10,259,121,231,103",,2.182902506076107e+18
C0159,STALE_SENSOR,medium,"249,159,177,10,253,259",,
C0159,TOPOLOGY_MISMATCH,medium,,"323,187,171",
C0159,CROSS_SOURCE_CONFLICT,medium,"166,149,184,159,219,243",,
C0159,MISSING_SENSOR,high,"253,203,20,15,111,243,103,219,173,121",,
C0159,SENSOR_NOISE,high,"173,10,121,203,131,231",,7.698336379514937e+18
C0159,SENSOR_BIAS,high,"173,10,259,121,231,103",,5.574749166143436e+18
C0159,STALE_SENSOR,high,"249,159,177,10,253,259",,
C0159,TOPOLOGY_MISMATCH,high,,"323,187,171,135,315",
C0159,CROSS_SOURCE_CONFLICT,high,"166,149,184,159,219,243,10,167,253,208",,
C0165,MISSING_SENSOR,low,"173,253",,
C0165,SENSOR_NOISE,low,"203,184,187,219,249,10",,7.775117692553992e+17
C0165,SENSOR_BIAS,low,"184,177,167,111,103,173",,8.68221162705702e+17
C0165,STALE_SENSOR,low,"187,20,173,219,249,15",,
C0165,TOPOLOGY_MISMATCH,low,,235,
C0165,CROSS_SOURCE_CONFLICT,low,"20,203",,
C0165,MISSING_SENSOR,medium,"173,253,243,60,231,259",,
C0165,SENSOR_NOISE,medium,"203,184,187,219,249,10",,4.3546598843483464e+18
C0165,SENSOR_BIAS,medium,"184,177,167,111,103,173",,3.19715095910403e+18
C0165,STALE_SENSOR,medium,"187,20,173,219,249,15",,
C0165,TOPOLOGY_MISMATCH,medium,,"235,285,120",
C0165,CROSS_SOURCE_CONFLICT,medium,"20,203,149,10,184,249",,
C0165,MISSING_SENSOR,high,"173,253,243,60,231,259,103,111,131,159",,
C0165,SENSOR_NOISE,high,"203,184,187,219,249,10",,5.012772781342598e+18
C0165,SENSOR_BIAS,high,"184,177,167,111,103,173",,2.322988466269831e+18
C0165,STALE_SENSOR,high,"187,20,173,219,249,15",,
C0165,TOPOLOGY_MISMATCH,high,,"235,285,120,177,113",
C0165,CROSS_SOURCE_CONFLICT,high,"20,203,149,10,184,249,167,219,111,166",,
C0173,MISSING_SENSOR,low,"131,184",,
C0173,SENSOR_NOISE,low,"20,208,149,103,249,231",,3.501833283854708e+18
C0173,SENSOR_BIAS,low,"167,103,60,131,20,184",,3.3970837752480174e+18
C0173,STALE_SENSOR,low,"253,167,103,166,219,20",,
C0173,TOPOLOGY_MISMATCH,low,,147,
C0173,CROSS_SOURCE_CONFLICT,low,"15,60",,
C0173,MISSING_SENSOR,medium,"131,184,60,243,15,259",,
C0173,SENSOR_NOISE,medium,"20,208,149,103,249,231",,2.3537377213694715e+18
C0173,SENSOR_BIAS,medium,"167,103,60,131,20,184",,2.982691457455628e+18
C0173,STALE_SENSOR,medium,"253,167,103,166,219,20",,
C0173,TOPOLOGY_MISMATCH,medium,,"147,121,189",
C0173,CROSS_SOURCE_CONFLICT,medium,"15,60,166,20,253,187",,
C0173,MISSING_SENSOR,high,"131,184,60,243,15,259,20,231,187,10",,
C0173,SENSOR_NOISE,high,"20,208,149,103,249,231",,3.0825971492808504e+18
C0173,SENSOR_BIAS,high,"167,103,60,131,20,184",,1.0348434937028182e+17
C0173,STALE_SENSOR,high,"253,167,103,166,219,20",,
C0173,TOPOLOGY_MISMATCH,high,,"147,121,189,215,285",
C0173,CROSS_SOURCE_CONFLICT,high,"15,60,166,20,253,187,131,177,203,111",,
C0200,MISSING_SENSOR,low,"243,131",,
C0200,SENSOR_NOISE,low,"20,60,203,187,167,184",,5.024690949373639e+18
C0200,SENSOR_BIAS,low,"149,184,131,10,121,203",,3.3161708332481505e+18
C0200,STALE_SENSOR,low,"167,121,60,187,103,159",,
C0200,TOPOLOGY_MISMATCH,low,,297,
C0200,CROSS_SOURCE_CONFLICT,low,"149,121",,
C0200,MISSING_SENSOR,medium,"243,131,208,173,203,121",,
C0200,SENSOR_NOISE,medium,"20,60,203,187,167,184",,3.6054354169849114e+18
C0200,SENSOR_BIAS,medium,"149,184,131,10,121,203",,4.302990449336359e+18
C0200,STALE_SENSOR,medium,"167,121,60,187,103,159",,
C0200,TOPOLOGY_MISMATCH,medium,,"297,197,177",
C0200,CROSS_SOURCE_CONFLICT,medium,"149,121,203,60,219,131",,
C0200,MISSING_SENSOR,high,"243,131,208,173,203,121,10,103,177,60",,
C0200,SENSOR_NOISE,high,"20,60,203,187,167,184",,4.684932842651899e+18
C0200,SENSOR_BIAS,high,"149,184,131,10,121,203",,2.0684009253768238e+18
C0200,STALE_SENSOR,high,"167,121,60,187,103,159",,
C0200,TOPOLOGY_MISMATCH,high,,"297,197,177,231,119",
C0200,CROSS_SOURCE_CONFLICT,high,"149,121,203,60,219,131,208,249,20,184",,
C0205,MISSING_SENSOR,low,"231,166",,
C0205,SENSOR_NOISE,low,"187,259,208,20,167,103",,8.834759549765083e+18
C0205,SENSOR_BIAS,low,"173,249,111,253,15,208",,2.4687032110330004e+18
C0205,STALE_SENSOR,low,"203,187,249,259,173,103",,
C0205,TOPOLOGY_MISMATCH,low,,145,
C0205,CROSS_SOURCE_CONFLICT,low,"231,103",,
C0205,MISSING_SENSOR,medium,"231,166,249,131,173,10",,
C0205,SENSOR_NOISE,medium,"187,259,208,20,167,103",,4.5819886244089196e+18
C0205,SENSOR_BIAS,medium,"173,249,111,253,15,208",,7.177330379645912e+18
C0205,STALE_SENSOR,medium,"203,187,249,259,173,103",,
C0205,TOPOLOGY_MISMATCH,medium,,"145,330,122",
C0205,CROSS_SOURCE_CONFLICT,medium,"231,103,177,131,173,111",,
C0205,MISSING_SENSOR,high,"231,166,249,131,173,10,187,111,167,159",,
C0205,SENSOR_NOISE,high,"187,259,208,20,167,103",,2.5082807623093663e+18
C0205,SENSOR_BIAS,high,"173,249,111,253,15,208",,3.2567747010142607e+18
C0205,STALE_SENSOR,high,"203,187,249,259,173,103",,
C0205,TOPOLOGY_MISMATCH,high,,"145,330,122,175,315",
C0205,CROSS_SOURCE_CONFLICT,high,"231,103,177,131,173,111,121,219,15,249",,
C0213,MISSING_SENSOR,low,"249,103",,
C0213,SENSOR_NOISE,low,"166,159,121,219,187,177",,7.11333765424589e+18
C0213,SENSOR_BIAS,low,"187,173,159,208,167,20",,5.533624762310738e+18
C0213,STALE_SENSOR,low,"111,231,243,159,203,219",,
C0213,TOPOLOGY_MISMATCH,low,,177,
C0213,CROSS_SOURCE_CONFLICT,low,"203,111",,
C0213,MISSING_SENSOR,medium,"249,103,149,253,131,111",,
C0213,SENSOR_NOISE,medium,"166,159,121,219,187,177",,5.637489460481276e+18
C0213,SENSOR_BIAS,medium,"187,173,159,208,167,20",,3.502918739548184e+18
C0213,STALE_SENSOR,medium,"111,231,243,159,203,219",,
C0213,TOPOLOGY_MISMATCH,medium,,"177,115,122",
C0213,CROSS_SOURCE_CONFLICT,medium,"203,111,231,166,184,177",,
C0213,MISSING_SENSOR,high,"249,103,149,253,131,111,15,10,243,20",,
C0213,SENSOR_NOISE,high,"166,159,121,219,187,177",,6.87879780686013e+18
C0213,SENSOR_BIAS,high,"187,173,159,208,167,20",,5.926792943100976e+18
C0213,STALE_SENSOR,high,"111,231,243,159,203,219",,
C0213,TOPOLOGY_MISMATCH,high,,"177,115,122,199,117",
C0213,CROSS_SOURCE_CONFLICT,high,"203,111,231,166,184,177,187,167,103,159",,
C0215,MISSING_SENSOR,low,"203,259",,
C0215,SENSOR_NOISE,low,"121,159,243,231,111,167",,3.393866058568835e+18
C0215,SENSOR_BIAS,low,"60,10,231,243,173,249",,9.033582338351213e+18
C0215,STALE_SENSOR,low,"187,173,149,167,219,103",,
C0215,TOPOLOGY_MISMATCH,low,,120,
C0215,CROSS_SOURCE_CONFLICT,low,"249,60",,
C0215,MISSING_SENSOR,medium,"203,259,208,121,131,167",,
C0215,SENSOR_NOISE,medium,"121,159,243,231,111,167",,7.080096672280861e+17
C0215,SENSOR_BIAS,medium,"60,10,231,243,173,249",,2.242384564108323e+18
C0215,STALE_SENSOR,medium,"187,173,149,167,219,103",,
C0215,TOPOLOGY_MISMATCH,medium,,"120,115,323",
C0215,CROSS_SOURCE_CONFLICT,medium,"249,60,259,253,173,10",,
C0215,MISSING_SENSOR,high,"203,259,208,121,131,167,219,60,187,173",,
C0215,SENSOR_NOISE,high,"121,159,243,231,111,167",,5.802269065413328e+18
C0215,SENSOR_BIAS,high,"60,10,231,243,173,249",,3.481991582943372e+18
C0215,STALE_SENSOR,high,"187,173,149,167,219,103",,
C0215,TOPOLOGY_MISMATCH,high,,"120,115,323,269,114",
C0215,CROSS_SOURCE_CONFLICT,high,"249,60,259,253,173,10,166,219,149,184",,
C0218,MISSING_SENSOR,low,"159,111",,
C0218,SENSOR_NOISE,low,"173,184,167,121,231,103",,3.684712330163204e+17
C0218,SENSOR_BIAS,low,"173,259,208,60,15,159",,1.9456994014736287e+18
C0218,STALE_SENSOR,low,"159,203,166,177,208,10",,
C0218,TOPOLOGY_MISMATCH,low,,197,
C0218,CROSS_SOURCE_CONFLICT,low,"111,103",,
C0218,MISSING_SENSOR,medium,"159,111,121,173,60,10",,
C0218,SENSOR_NOISE,medium,"173,184,167,121,231,103",,8.705361545374574e+18
C0218,SENSOR_BIAS,medium,"173,259,208,60,15,159",,1.4732840181008333e+18
C0218,STALE_SENSOR,medium,"159,203,166,177,208,10",,
C0218,TOPOLOGY_MISMATCH,medium,,"197,223,303",
C0218,CROSS_SOURCE_CONFLICT,medium,"111,103,249,187,149,15",,
C0218,MISSING_SENSOR,high,"159,111,121,173,60,10,208,259,177,15",,
C0218,SENSOR_NOISE,high,"173,184,167,121,231,103",,7.973822489122547e+18
C0218,SENSOR_BIAS,high,"173,259,208,60,15,159",,4.20096585043827e+18
C0218,STALE_SENSOR,high,"159,203,166,177,208,10",,
C0218,TOPOLOGY_MISMATCH,high,,"197,223,303,245,301",
C0218,CROSS_SOURCE_CONFLICT,high,"111,103,249,187,149,15,253,231,177,60",,
C0230,MISSING_SENSOR,low,"10,208",,
C0230,SENSOR_NOISE,low,"253,184,159,187,166,219",,5.493856080063063e+18
C0230,SENSOR_BIAS,low,"253,10,166,149,173,103",,4.385151846896207e+18
C0230,STALE_SENSOR,low,"111,184,60,10,131,103",,
C0230,TOPOLOGY_MISMATCH,low,,161,
C0230,CROSS_SOURCE_CONFLICT,low,"121,187",,
C0230,MISSING_SENSOR,medium,"10,208,166,177,111,219",,
C0230,SENSOR_NOISE,medium,"253,184,159,187,166,219",,6.822738755982974e+18
C0230,SENSOR_BIAS,medium,"253,10,166,149,173,103",,2.4496523392235946e+17
C0230,STALE_SENSOR,medium,"111,184,60,10,131,103",,
C0230,TOPOLOGY_MISMATCH,medium,,"161,237,203",
C0230,CROSS_SOURCE_CONFLICT,medium,"121,187,253,203,259,231",,
C0230,MISSING_SENSOR,high,"10,208,166,177,111,219,187,159,20,60",,
C0230,SENSOR_NOISE,high,"253,184,159,187,166,219",,8.835171234365412e+18
C0230,SENSOR_BIAS,high,"253,10,166,149,173,103",,7.765458532322582e+18
C0230,STALE_SENSOR,high,"111,184,60,10,131,103",,
C0230,TOPOLOGY_MISMATCH,high,,"161,237,203,321,223",
C0230,CROSS_SOURCE_CONFLICT,high,"121,187,253,203,259,231,243,219,173,103",,
C0233,MISSING_SENSOR,low,"187,149",,
C0233,SENSOR_NOISE,low,"184,203,166,60,208,249",,3.458011599788687e+18
C0233,SENSOR_BIAS,low,"184,159,131,10,167,60",,7.522292144308515e+18
C0233,STALE_SENSOR,low,"187,231,208,131,166,173",,
C0233,TOPOLOGY_MISMATCH,low,,123,
C0233,CROSS_SOURCE_CONFLICT,low,"20,243",,
C0233,MISSING_SENSOR,medium,"187,149,166,159,15,203",,
C0233,SENSOR_NOISE,medium,"184,203,166,60,208,249",,8.345975182915579e+18
C0233,SENSOR_BIAS,medium,"184,159,131,10,167,60",,7.425523642380654e+17
C0233,STALE_SENSOR,medium,"187,231,208,131,166,173",,
C0233,TOPOLOGY_MISMATCH,medium,,"123,295,195",
C0233,CROSS_SOURCE_CONFLICT,medium,"20,243,60,103,159,177",,
C0233,MISSING_SENSOR,high,"187,149,166,159,15,203,111,103,167,177",,
C0233,SENSOR_NOISE,high,"184,203,166,60,208,249",,4.508940693338584e+18
C0233,SENSOR_BIAS,high,"184,159,131,10,167,60",,3.6288299130739405e+18
C0233,STALE_SENSOR,high,"187,231,208,131,166,173",,
C0233,TOPOLOGY_MISMATCH,high,,"123,295,195,301,116",
C0233,CROSS_SOURCE_CONFLICT,high,"20,243,60,103,159,177,15,187,253,184",,
C0237,MISSING_SENSOR,low,"259,177",,
C0237,SENSOR_NOISE,low,"167,219,10,253,203,231",,1.3289121218203853e+18
C0237,SENSOR_BIAS,low,"166,167,10,187,103,259",,3.682699243894493e+17
C0237,STALE_SENSOR,low,"173,249,159,187,259,60",,
C0237,TOPOLOGY_MISMATCH,low,,115,
C0237,CROSS_SOURCE_CONFLICT,low,"149,203",,
C0237,MISSING_SENSOR,medium,"259,177,111,10,60,167",,
C0237,SENSOR_NOISE,medium,"167,219,10,253,203,231",,5.04954911847798e+18
C0237,SENSOR_BIAS,medium,"166,167,10,187,103,259",,8.091439915059901e+18
C0237,STALE_SENSOR,medium,"173,249,159,187,259,60",,
C0237,TOPOLOGY_MISMATCH,medium,,"115,287,321",
C0237,CROSS_SOURCE_CONFLICT,medium,"149,203,111,231,10,167",,
C0237,MISSING_SENSOR,high,"259,177,111,10,60,167,15,131,159,187",,
C0237,SENSOR_NOISE,high,"167,219,10,253,203,231",,1.466691164524398e+18
C0237,SENSOR_BIAS,high,"166,167,10,187,103,259",,4.2884902777119283e+18
C0237,STALE_SENSOR,high,"173,249,159,187,259,60",,
C0237,TOPOLOGY_MISMATCH,high,,"115,287,321,301,309",
C0237,CROSS_SOURCE_CONFLICT,high,"149,203,111,231,10,167,166,15,121,184",,
C0240,MISSING_SENSOR,low,"60,10",,
C0240,SENSOR_NOISE,low,"60,103,166,167,177,121",,8.588291589003443e+18
C0240,SENSOR_BIAS,low,"131,177,253,173,121,15",,2.967201238698051e+18
C0240,STALE_SENSOR,low,"149,243,60,203,111,103",,
C0240,TOPOLOGY_MISMATCH,low,,333,
C0240,CROSS_SOURCE_CONFLICT,low,"131,173",,
C0240,MISSING_SENSOR,medium,"60,10,159,111,121,173",,
C0240,SENSOR_NOISE,medium,"60,103,166,167,177,121",,2.126369828872947e+18
C0240,SENSOR_BIAS,medium,"131,177,253,173,121,15",,1.3813944648940595e+18
C0240,STALE_SENSOR,medium,"149,243,60,203,111,103",,
C0240,TOPOLOGY_MISMATCH,medium,,"333,269,287",
C0240,CROSS_SOURCE_CONFLICT,medium,"131,173,149,15,167,177",,
C0240,MISSING_SENSOR,high,"60,10,159,111,121,173,187,149,167,249",,
C0240,SENSOR_NOISE,high,"60,103,166,167,177,121",,3.0572846955787515e+18
C0240,SENSOR_BIAS,high,"131,177,253,173,121,15",,1.3180509628769254e+18
C0240,STALE_SENSOR,high,"149,243,60,203,111,103",,
C0240,TOPOLOGY_MISMATCH,high,,"333,269,287,131,177",
C0240,CROSS_SOURCE_CONFLICT,high,"131,173,149,15,167,177,208,219,121,60",,
