balanced_accuracy,f1,auprc,auroc,brier,accuracy,model,family,severity,n
0.82481005836269,0.7437092264678472,0.8286753122484604,0.9097013184184237,0.08356416267379806,0.8981481481481481,GCN_GRU,CLEAN,clean,2700
0.6689774041747726,0.4704119850187266,0.3873958311447042,0.7668318523581682,0.2083876201411351,0.7381481481481481,GCN_GRU,CROSS_SOURCE_CONFLICT,high,2700
0.783832943372417,0.6357199055861527,0.4831082154880071,0.8439036292654714,0.1491339110216679,0.8285185185185185,GCN_GRU,CROSS_SOURCE_CONFLICT,low,2700
0.7323926073926074,0.5575757575757576,0.4270499812535813,0.8057830327567169,0.1791388355288741,0.7837037037037037,GCN_GRU,CROSS_SOURCE_CONFLICT,medium,2700
0.6873488353751511,0.4784853700516351,0.5912745104504368,0.768543956043956,0.24150933864699323,0.6633333333333333,GCN_GRU,MISSING_SENSOR,high,2700
0.7726763368210736,0.6191222570532915,0.7325127616129032,0.8647898154477103,0.12139228778631973,0.82,GCN_GRU,MISSING_SENSOR,low,2700
0.7053735737946265,0.506117192530586,0.6359436067010265,0.790176928334823,0.18733772868802434,0.715925925925926,GCN_GRU,MISSING_SENSOR,medium,2700
0.5411726431463273,0.36654199251955116,0.4794237568038399,0.6681246385193753,0.6259757214400397,0.31,GCN_GRU,SENSOR_BIAS,high,2700
0.7557754745254746,0.6095076400679117,0.7319101786282064,0.8581500736105999,0.1171339952995352,0.8296296296296296,GCN_GRU,SENSOR_BIAS,low,2700
0.6660789868026711,0.45620022753128553,0.5759253561157863,0.7596277078184973,0.27551209557470413,0.6459259259259259,GCN_GRU,SENSOR_BIAS,medium,2700
0.6766802276670698,0.4558885605740819,0.6772266047151926,0.8355567130238182,0.33397035229290295,0.5225925925925926,GCN_GRU,SENSOR_NOISE,high,2700
0.8251206030811293,0.7363636363636363,0.8331429175004902,0.911525974025974,0.08346582963624194,0.8925925925925926,GCN_GRU,SENSOR_NOISE,low,2700
0.8273782138913718,0.7061688311688312,0.8289761866205202,0.908588943950786,0.09291419376727164,0.8659259259259259,GCN_GRU,SENSOR_NOISE,medium,2700
0.8006565802618434,0.6688470973017171,0.7215336404208181,0.8849859022556391,0.10942295092491855,0.85,GCN_GRU,STALE_SENSOR,high,2700
0.8220660918029339,0.7277628032345014,0.8046719536000381,0.9045477548767024,0.0884300147529418,0.8877777777777778,GCN_GRU,STALE_SENSOR,low,2700
0.8170004337767496,0.7115384615384616,0.778766929391701,0.8990187444134812,0.09465553217505886,0.8777777777777778,GCN_GRU,STALE_SENSOR,medium,2700
0.8214548609285451,0.7326007326007326,0.8087952940164758,0.9040597560334402,0.09027705093766113,0.8918518518518519,GCN_GRU,TOPOLOGY_MISMATCH,high,2700
0.830251984857248,0.7556390977443609,0.8350759841947638,0.9129998291182502,0.0826035864310312,0.9037037037037037,GCN_GRU,TOPOLOGY_MISMATCH,low,2700
0.8228925679583574,0.7422680412371134,0.8216855192322038,0.9088345864661654,0.08575610225091725,0.8981481481481481,GCN_GRU,TOPOLOGY_MISMATCH,medium,2700
0.9336995241600505,0.8826530612244898,0.953883059072035,0.980530982175719,0.047318987888764805,0.9488888888888889,MLP,CLEAN,clean,2700
0.7483946974078552,0.5466507177033493,0.42432272299592044,0.7847908670277091,0.2497295489059287,0.7192592592592593,MLP,CROSS_SOURCE_CONFLICT,high,2700
0.8416862742520637,0.6858345021037868,0.6010203880103686,0.8899262743835112,0.14949713805909584,0.8340740740740741,MLP,CROSS_SOURCE_CONFLICT,low,2700
0.7633846416741153,0.572709801409353,0.4904686882707195,0.8141467907092907,0.21664069495376653,0.752962962962963,MLP,CROSS_SOURCE_CONFLICT,medium,2700
0.6118437483569062,0.4055381866904868,0.47280712914496453,0.7220407060045217,0.4335967688875331,0.5070370370370371,MLP,MISSING_SENSOR,high,2700
0.7938295257374205,0.5971049457177322,0.7704347554339165,0.8956249342762501,0.20232745243382455,0.7525925925925926,MLP,MISSING_SENSOR,low,2700
0.6680572716756927,0.4528846153846154,0.6143847645832963,0.7830676724591198,0.374343163680365,0.5785185185185185,MLP,MISSING_SENSOR,medium,2700
0.6138253194174247,0.4062205466540999,0.5679135885554929,0.7435438738892686,0.4315120804127973,0.5333333333333333,MLP,SENSOR_BIAS,high,2700
0.801216875230033,0.6075794621026895,0.8370758717701647,0.9127673313528577,0.19306655366943595,0.7622222222222222,MLP,SENSOR_BIAS,low,2700
0.7074553735737946,0.49363057324840764,0.7264587354945514,0.839371976707503,0.31258401696227583,0.6466666666666666,MLP,SENSOR_BIAS,medium,2700
0.8583702481728798,0.6978954514596063,0.8996673538933916,0.9489720805510279,0.12378302742430099,0.8351851851851851,MLP,SENSOR_NOISE,high,2700
0.9237933119512067,0.8571428571428571,0.9469634667775713,0.9762515445081232,0.05264011296949034,0.9362962962962963,MLP,SENSOR_NOISE,low,2700
0.9042257085020242,0.8003095975232198,0.9356858500188154,0.9695082877648669,0.06774978802036731,0.9044444444444445,MLP,SENSOR_NOISE,medium,2700
0.8307383406067617,0.6496490108487556,0.7761392876484193,0.9123006927283244,0.17433271674751746,0.7966666666666666,MLP,STALE_SENSOR,high,2700
0.9029851727220148,0.7956989247311828,0.9160209110877929,0.9643514380356486,0.08137229011159282,0.9014814814814814,MLP,STALE_SENSOR,low,2700
0.8793476260581523,0.7440174039158811,0.8686408505132521,0.9464638979441611,0.11168689586128194,0.8692592592592593,MLP,STALE_SENSOR,medium,2700
