model,family,severity,n_clean,n_degraded,entropy_evidence_failure_auroc,entropy_evidence_failure_auprc
MLP,MISSING_SENSOR,low,2700,2700,0.45381563786008233,0.47417439820627216
MLP,MISSING_SENSOR,medium,2700,2700,0.406161316872428,0.4513256806949509
MLP,MISSING_SENSOR,high,2700,2700,0.40609643347050756,0.4609080275223292
MLP,SENSOR_NOISE,low,2700,2700,0.5009825102880658,0.5037044026452038
MLP,SENSOR_NOISE,medium,2700,2700,0.5026986282578876,0.5077123735097426
MLP,SENSOR_NOISE,high,2700,2700,0.4910337448559671,0.5076757034186914
MLP,SENSOR_BIAS,low,2700,2700,0.4662178326474623,0.47967140935931807
MLP,SENSOR_BIAS,medium,2700,2700,0.41137434842249654,0.44572856007598777
MLP,SENSOR_BIAS,high,2700,2700,0.3316286694101509,0.4095192332351121
MLP,STALE_SENSOR,low,2700,2700,0.48905541838134425,0.49341657968109376
MLP,STALE_SENSOR,medium,2700,2700,0.4754114540466392,0.48250262611595296
MLP,STALE_SENSOR,high,2700,2700,0.4524396433470508,0.4754315737866863
MLP,CROSS_SOURCE_CONFLICT,low,2700,2700,0.4619415637860082,0.4786470236567198
MLP,CROSS_SOURCE_CONFLICT,medium,2700,2700,0.45217393689986285,0.47655615322184486
MLP,CROSS_SOURCE_CONFLICT,high,2700,2700,0.44121872427983544,0.47169897444476094
GCN_GRU,MISSING_SENSOR,low,2700,2700,0.522683950617284,0.5362999959980395
GCN_GRU,MISSING_SENSOR,medium,2700,2700,0.5521720164609054,0.5751524705324377
GCN_GRU,MISSING_SENSOR,high,2700,2700,0.5132058299039781,0.5550269307173561
GCN_GRU,SENSOR_NOISE,low,2700,2700,0.5146832647462277,0.5106457593364524
GCN_GRU,SENSOR_NOISE,medium,2700,2700,0.5669255144032922,0.5623119287791338
GCN_GRU,SENSOR_NOISE,high,2700,2700,0.48743991769547323,0.5551969540504531
GCN_GRU,SENSOR_BIAS,low,2700,2700,0.5377075445816186,0.5265917289396206
GCN_GRU,SENSOR_BIAS,medium,2700,2700,0.500162414266118,0.5372964242721927
GCN_GRU,SENSOR_BIAS,high,2700,2700,0.215439780521262,0.37197668760370856
GCN_GRU,STALE_SENSOR,low,2700,2700,0.504829218106996,0.5103103460900598
GCN_GRU,STALE_SENSOR,medium,2700,2700,0.5078672839506173,0.5157424051429751
GCN_GRU,STALE_SENSOR,high,2700,2700,0.5098142661179699,0.5240139910298405
GCN_GRU,TOPOLOGY_MISMATCH,low,2700,2700,0.503223182441701,0.5023486788275291
GCN_GRU,TOPOLOGY_MISMATCH,medium,2700,2700,0.5046008230452674,0.5043673226223994
GCN_GRU,TOPOLOGY_MISMATCH,high,2700,2700,0.5076050754458161,0.5095653291805959
GCN_GRU,CROSS_SOURCE_CONFLICT,low,2700,2700,0.46437462277091907,0.4804741068169123
GCN_GRU,CROSS_SOURCE_CONFLICT,medium,2700,2700,0.4660526063100137,0.48544568611447103
GCN_GRU,CROSS_SOURCE_CONFLICT,high,2700,2700,0.4595038408779149,0.4823941280676974
