model,family,severity,n_clean,n_degraded,attribution_divergence_auroc,attribution_divergence_auprc,entropy_auroc_same_subset,entropy_auprc_same_subset,auroc_attr_minus_entropy,auprc_attr_minus_entropy
MLP,MISSING_SENSOR,low,600,600,0.7348805555555555,0.7046193591168814,0.4503263888888889,0.46820635728870885,0.28455416666666666,0.2364130018281726
MLP,MISSING_SENSOR,medium,600,600,0.9511111111111111,0.9376364102642767,0.4090444444444445,0.4544568943203559,0.5420666666666667,0.4831795159439208
MLP,MISSING_SENSOR,high,600,600,0.9926499999999999,0.9904750412583276,0.41420277777777775,0.46360865104494553,0.5784472222222221,0.5268663902133821
MLP,SENSOR_NOISE,low,600,600,0.47873055555555555,0.4908741666529941,0.5023180555555555,0.5077308728418226,-0.023587499999999983,-0.016856706188828507
MLP,SENSOR_NOISE,medium,600,600,0.46929722222222225,0.4832517037598231,0.5059388888888889,0.5125583794029248,-0.036641666666666683,-0.029306675643101687
MLP,SENSOR_NOISE,high,600,600,0.5262527777777778,0.5201379801016728,0.4902361111111111,0.5000359537823538,0.0360166666666667,0.02010202631931901
MLP,SENSOR_BIAS,low,600,600,0.5975666666666667,0.5858998729803323,0.46475694444444443,0.4753419144225145,0.13280972222222226,0.1105579585578178
MLP,SENSOR_BIAS,medium,600,600,0.6905111111111112,0.6705675279323088,0.4124555555555556,0.43193586820640056,0.2780555555555556,0.23863165972590822
MLP,SENSOR_BIAS,high,600,600,0.7723583333333333,0.7582905560962381,0.33569444444444446,0.40059103458412343,0.4366638888888888,0.35769952151211465
MLP,STALE_SENSOR,low,600,600,0.5045361111111111,0.5100370304056426,0.4945527777777778,0.5012430443049833,0.009983333333333289,0.00879398610065929
MLP,STALE_SENSOR,medium,600,600,0.50345,0.509149865166472,0.47329583333333336,0.47603299697113244,0.030154166666666593,0.033116868195339544
MLP,STALE_SENSOR,high,600,600,0.5116055555555556,0.5202849322904319,0.4467263888888889,0.4692507898257169,0.06487916666666677,0.05103414246471505
MLP,CROSS_SOURCE_CONFLICT,low,600,600,0.5331222222222223,0.5501989256528872,0.46939305555555555,0.4845772243317395,0.06372916666666673,0.0656217013211477
MLP,CROSS_SOURCE_CONFLICT,medium,600,600,0.553011111111111,0.5751659791489967,0.4600055555555556,0.48446878774556423,0.0930055555555554,0.09069719140343246
MLP,CROSS_SOURCE_CONFLICT,high,600,600,0.5636583333333334,0.5870925125442149,0.4505458333333333,0.47447292064212354,0.11311250000000006,0.11261959190209136
GCN_GRU,MISSING_SENSOR,low,600,600,0.5838583333333334,0.5686756261216541,0.5217111111111111,0.5389629094631512,0.06214722222222224,0.029712716658502947
GCN_GRU,MISSING_SENSOR,medium,600,600,0.756313888888889,0.7051964532246784,0.5489388888888889,0.5765617456320505,0.2073750000000001,0.12863470759262785
GCN_GRU,MISSING_SENSOR,high,600,600,0.8387305555555555,0.7841346707063529,0.5067138888888889,0.5518057036862936,0.3320166666666666,0.23232896702005934
GCN_GRU,SENSOR_NOISE,low,600,600,0.49698333333333333,0.4940558371730905,0.5176222222222222,0.5162960707920663,-0.020638888888888873,-0.022240233618975813
GCN_GRU,SENSOR_NOISE,medium,600,600,0.5649916666666667,0.5434168731997038,0.5714305555555556,0.5745153102801551,-0.006438888888888883,-0.031098437080451347
GCN_GRU,SENSOR_NOISE,high,600,600,0.7824194444444444,0.7373784317926236,0.48612222222222223,0.5614759840615524,0.2962972222222222,0.17590244773107122
GCN_GRU,SENSOR_BIAS,low,600,600,0.6657666666666666,0.6525039369911577,0.5464611111111111,0.5408754728769035,0.11930555555555555,0.1116284641142542
GCN_GRU,SENSOR_BIAS,medium,600,600,0.8295361111111111,0.8151132511032205,0.5012555555555556,0.539343953432951,0.3282805555555556,0.2757692976702695
GCN_GRU,SENSOR_BIAS,high,600,600,0.9458222222222223,0.9385642651224759,0.2144166666666667,0.3760580385174788,0.7314055555555556,0.5625062266049972
GCN_GRU,STALE_SENSOR,low,600,600,0.5048194444444445,0.5036344610572292,0.5013666666666666,0.5063326251269185,0.00345277777777786,-0.0026981640696892573
GCN_GRU,STALE_SENSOR,medium,600,600,0.5164638888888888,0.5093737719466311,0.5078,0.523577998505525,0.008663888888888804,-0.014204226558893862
GCN_GRU,STALE_SENSOR,high,600,600,0.5510472222222222,0.5419528017943853,0.5007277777777778,0.5232255441353715,0.05031944444444447,0.01872725765901384
GCN_GRU,TOPOLOGY_MISMATCH,low,600,600,0.5045722222222222,0.5040759487807527,0.503,0.5041381772988688,0.001572222222222197,-6.222851811610308e-05
GCN_GRU,TOPOLOGY_MISMATCH,medium,600,600,0.5140277777777779,0.5134070299387998,0.5050916666666666,0.5064434724050293,0.008936111111111256,0.006963557533770537
GCN_GRU,TOPOLOGY_MISMATCH,high,600,600,0.5247166666666666,0.520735887136186,0.5089805555555555,0.5130389238512484,0.015736111111111062,0.00769696328493763
GCN_GRU,CROSS_SOURCE_CONFLICT,low,600,600,0.5519055555555555,0.5814239293450753,0.4640861111111111,0.47983040257296605,0.08781944444444445,0.1015935267721092
GCN_GRU,CROSS_SOURCE_CONFLICT,medium,600,600,0.5712666666666667,0.5981561845385541,0.469625,0.4883273565368779,0.10164166666666669,0.1098288280016762
GCN_GRU,CROSS_SOURCE_CONFLICT,high,600,600,0.5801416666666667,0.6060961319365286,0.4618361111111111,0.487766578830789,0.11830555555555555,0.11832955310573956
