model,family,severity,n,proceed_rate,unsafe_proceed_rate,accuracy_if_forced_prediction,reconstruct_rate,verify_rate,request_sensor_rate,escalate_rate
GCN_GRU,CLEAN,clean,600,0.9016666666666666,0.06666666666666667,0.9116666666666666,0.0,0.04833333333333333,0.04833333333333333,0.0016666666666666668
GCN_GRU,CROSS_SOURCE_CONFLICT,high,600,0.815,0.11666666666666667,0.7583333333333333,0.0,0.05,0.12833333333333333,0.006666666666666667
GCN_GRU,CROSS_SOURCE_CONFLICT,low,600,0.8516666666666667,0.07333333333333333,0.84,0.0,0.043333333333333335,0.10166666666666667,0.0033333333333333335
GCN_GRU,CROSS_SOURCE_CONFLICT,medium,600,0.8266666666666667,0.08333333333333333,0.8033333333333333,0.0,0.04666666666666667,0.11666666666666667,0.01
GCN_GRU,MISSING_SENSOR,high,600,0.395,0.09833333333333333,0.4116666666666667,1.0,0.06833333333333333,0.49333333333333335,0.043333333333333335
GCN_GRU,MISSING_SENSOR,low,600,0.805,0.06833333333333333,0.8266666666666667,1.0,0.04833333333333333,0.13333333333333333,0.013333333333333334
GCN_GRU,MISSING_SENSOR,medium,600,0.5616666666666666,0.10166666666666667,0.5566666666666666,1.0,0.055,0.34833333333333333,0.035
GCN_GRU,SENSOR_BIAS,high,600,0.15833333333333333,0.06666666666666667,0.29,0.0,0.0016666666666666668,0.8,0.04
GCN_GRU,SENSOR_BIAS,low,600,0.8333333333333334,0.09166666666666666,0.8366666666666667,0.0,0.041666666666666664,0.10333333333333333,0.021666666666666667
GCN_GRU,SENSOR_BIAS,medium,600,0.5383333333333333,0.09333333333333334,0.63,0.0,0.035,0.365,0.06166666666666667
GCN_GRU,SENSOR_NOISE,high,600,0.6816666666666666,0.25333333333333335,0.5033333333333333,0.0,0.10833333333333334,0.17333333333333334,0.03666666666666667
GCN_GRU,SENSOR_NOISE,low,600,0.89,0.06166666666666667,0.91,0.0,0.056666666666666664,0.05,0.0033333333333333335
GCN_GRU,SENSOR_NOISE,medium,600,0.8566666666666667,0.06833333333333333,0.8683333333333333,0.0,0.08666666666666667,0.04833333333333333,0.008333333333333333
GCN_GRU,STALE_SENSOR,high,600,0.8616666666666667,0.08333333333333333,0.8566666666666667,0.0,0.06833333333333333,0.06,0.01
GCN_GRU,STALE_SENSOR,low,600,0.8966666666666666,0.07166666666666667,0.9033333333333333,0.0,0.05,0.05,0.0033333333333333335
GCN_GRU,STALE_SENSOR,medium,600,0.885,0.075,0.8916666666666667,0.0,0.06166666666666667,0.04666666666666667,0.006666666666666667
GCN_GRU,TOPOLOGY_MISMATCH,high,600,0.8966666666666666,0.07166666666666667,0.9,0.0,0.05333333333333334,0.04666666666666667,0.0033333333333333335
GCN_GRU,TOPOLOGY_MISMATCH,low,600,0.8983333333333333,0.065,0.9116666666666666,0.0,0.05333333333333334,0.04666666666666667,0.0016666666666666668
GCN_GRU,TOPOLOGY_MISMATCH,medium,600,0.8983333333333333,0.06833333333333333,0.905,0.0,0.04666666666666667,0.05,0.005
MLP,CLEAN,clean,600,0.9,0.035,0.9416666666666667,0.0,0.05,0.05,0.0
MLP,CROSS_SOURCE_CONFLICT,high,600,0.8383333333333334,0.185,0.7216666666666667,0.0,0.03666666666666667,0.12333333333333334,0.0016666666666666668
MLP,CROSS_SOURCE_CONFLICT,low,600,0.87,0.10166666666666667,0.8333333333333334,0.0,0.035,0.08833333333333333,0.006666666666666667
MLP,CROSS_SOURCE_CONFLICT,medium,600,0.8466666666666667,0.16166666666666665,0.7583333333333333,0.0,0.04666666666666667,0.105,0.0016666666666666668
MLP,MISSING_SENSOR,high,600,0.7983333333333333,0.3516666666666667,0.595,1.0,0.02,0.17666666666666667,0.005
MLP,MISSING_SENSOR,low,600,0.8866666666666667,0.058333333333333334,0.9083333333333333,1.0,0.055,0.058333333333333334,0.0
MLP,MISSING_SENSOR,medium,600,0.84,0.24666666666666667,0.7066666666666667,1.0,0.035,0.11666666666666667,0.008333333333333333
MLP,SENSOR_BIAS,high,600,0.6783333333333333,0.335,0.56,0.0,0.006666666666666667,0.30666666666666664,0.008333333333333333
MLP,SENSOR_BIAS,low,600,0.8266666666666667,0.18333333333333332,0.77,0.0,0.043333333333333335,0.115,0.015
MLP,SENSOR_BIAS,medium,600,0.7716666666666666,0.2783333333333333,0.67,0.0,0.015,0.20666666666666667,0.006666666666666667
MLP,SENSOR_NOISE,high,600,0.8766666666666667,0.12166666666666667,0.8383333333333334,0.0,0.055,0.065,0.0033333333333333335
MLP,SENSOR_NOISE,low,600,0.895,0.045,0.9216666666666666,0.0,0.05333333333333334,0.05,0.0016666666666666668
MLP,SENSOR_NOISE,medium,600,0.8783333333333333,0.045,0.9066666666666666,0.0,0.07,0.051666666666666666,0.0
MLP,STALE_SENSOR,high,600,0.8666666666666667,0.155,0.8066666666666666,0.0,0.056666666666666664,0.07666666666666666,0.0
MLP,STALE_SENSOR,low,600,0.8616666666666667,0.056666666666666664,0.9133333333333333,0.0,0.065,0.07333333333333333,0.0
MLP,STALE_SENSOR,medium,600,0.895,0.08333333333333333,0.8983333333333333,0.0,0.03333333333333333,0.07166666666666667,0.0
