feature_index,train_rmse_normalized,train_r2
0,0.028925663882139147,0.9991633296012878
1,0.062014913852109804,0.9961541295051575
2,0.28439156672670396,0.9191214442253113
3,0.023897638604833123,0.999428927898407
4,0.09035631832762203,0.9918357133865356
5,0.015592694879940687,0.9997568726539612
6,0.009720405924943389,0.999905526638031
7,0.45917221446184897,0.7891609072685242
8,0.06879753290260787,0.9952669143676758
9,0.1915788845130893,0.9632975459098816
10,0.00846086223344598,0.9999284148216248
11,0.018808758577474268,0.9996462464332581
12,0.021719018998598533,0.9995282888412476
13,0.05516148905349079,0.9969571828842163
14,0.10288240533870265,0.9894152283668518
15,0.021693629617803162,0.9995293617248535
16,0.007124605365458895,0.9999492168426514
17,0.036709974830683466,0.9986523985862732
18,0.07329606617623799,0.9946277141571045
19,0.04749655407559289,0.997744083404541
20,0.009226888069689024,0.9999148845672607
21,0.009972077966923747,0.9999005794525146
22,0.017693723120110194,0.9996869564056396
23,0.04458748190861809,0.9980119466781616
