context_id,split,clean_variant_id,leak_variant_id,context_seed,per_junction_demand_seed,global_demand_multiplier,leak_pipe,leak_pipe_diameter_m,leak_diameter_fraction,leak_area_m2,leak_start_hour,leak_duration_hour,leak_end_hour,leak_node_name,split_pipe_new_segment,native_pattern_timestep_seconds,report_timestep_seconds,active_label_interval_convention,max_abs_pressure_difference,mean_abs_pressure_difference,max_leak_demand,npz_sha256
C0001,train,C0001_CLEAN,C0001_LEAK,42424200001,42424200018,0.8924528948460135,333,0.762,0.2,0.0182414692475099,6,12,18,333_C0001_LEAKNODE,333_C0001_B,3600,300,"[start_time, end_time)",2.9589462280273438,0.44225670265830713,0.481266363172538,77d1716b7822ff61c27c1fc1e49ee6490066ce83a11244dbd1d666639666d51a
C0002,calibration,C0002_CLEAN,C0002_LEAK,42424200002,42424200019,1.0945287316015335,179,0.762,0.3,0.0410433058068973,10,10,20,179_C0002_LEAKNODE,179_C0002_B,3600,300,"[start_time, end_time)",25.69104766845703,6.45359753640424,0.8137119805853784,95ec678144b6eec18bf4eef2eef69ad79ba83fe0d1b899441a8ef15460a59608
C0003,train,C0003_CLEAN,C0003_LEAK,42424200003,42424200020,1.0914071431045955,249,0.4064,0.2,0.0051886845859583,6,6,12,249_C0003_LEAKNODE,249_C0003_B,3600,300,"[start_time, end_time)",26.710891723632812,0.8783497747762534,0.10263750249180204,d1058b0dc44fd5f60425c0ec08da36b852f25755c2c66a4aed214fe2313a7f4e
C0004,test,C0004_CLEAN,C0004_LEAK,42424200004,42424200021,1.095161092510829,105,0.3047999999999999,0.3,0.0065669289291035,10,8,18,105_C0004_LEAKNODE,105_C0004_B,3600,300,"[start_time, end_time)",26.650833129882812,0.3989537732891418,0.13293386915853198,e4ad5aaa4b4c113d31feceb98e8e3961bb795fb2689ecdd2ec254a9a317f79c8
C0005,train,C0005_CLEAN,C0005_LEAK,42424200005,42424200022,0.914898484389434,116,0.3047999999999999,0.2,0.0029186350796015,8,10,18,116_C0005_LEAKNODE,116_C0005_B,3600,300,"[start_time, end_time)",2.7126235961914062,0.5203986732830786,0.06569096446903987,9b65061e903701f1ce198e470b5aab0d0aaf42579261cd4653beac236b2f1973
C0006,train,C0006_CLEAN,C0006_LEAK,42424200006,42424200023,0.977764042106402,163,0.3047999999999999,0.3,0.0065669289291035,6,6,12,163_C0006_LEAKNODE,163_C0006_B,3600,300,"[start_time, end_time)",26.470123291015625,0.5672159183629423,0.11686003711932255,3be2a957a61c257c5c8b4f0f58271dedfb397afab17731a6e2685cdc593cd996
C0007,train,C0007_CLEAN,C0007_LEAK,42424200007,42424200024,0.9447234726285604,114,0.2032,0.2,0.0012971711464895,4,6,10,114_C0007_LEAKNODE,114_C0007_B,3600,300,"[start_time, end_time)",2.6328649520874023,0.22589519934874788,0.029455509567722683,b7f0085d717031460aab7718cc9daca261d4b089e013f782524e76845156eb5d
C0008,test,C0008_CLEAN,C0008_LEAK,42424200008,42424200025,0.8946323878053425,155,0.3047999999999999,0.1,0.0007296587699003,10,8,18,155_C0008_LEAKNODE,155_C0008_B,3600,300,"[start_time, end_time)",1.6966896057128906,0.10428000281780206,0.016521696988392325,f1692fc01c0cd889efd812803360f17a2edc77fef05c05e61a875529a38a75da
C0009,train,C0009_CLEAN,C0009_LEAK,42424200009,42424200026,0.887246228434848,197,0.3047999999999999,0.1,0.0007296587699003,8,8,16,197_C0009_LEAKNODE,197_C0009_B,3600,300,"[start_time, end_time)",26.401573181152344,0.10859464227576024,0.016355394111424212,6c7102954067d0341e733839cd79051b01ecd5297e1263e5f1ba6e395693a422
C0010,train,C0010_CLEAN,C0010_LEAK,42424200010,42424200027,1.0847906852345208,193,0.6095999999999999,0.2,0.0116745403184063,12,6,18,193_C0010_LEAKNODE,193_C0010_B,3600,300,"[start_time, end_time)",26.553627014160156,0.5633405810172695,0.24847032406568625,ff926d96a4e51f4b6abbd5ccba11df42eda27e26de56e6d7bc2853fc95468a39
C0011,validation,C0011_CLEAN,C0011_LEAK,42424200011,42424200028,1.0285978102776174,205,0.3047999999999999,0.1,0.0007296587699003,6,6,12,205_C0011_LEAKNODE,205_C0011_B,3600,300,"[start_time, end_time)",26.470687866210938,0.09218636528228934,0.01555909342981013,9c1aa7adae209c677671ecd8ac5749786c8ff5c7a3ca939e6319a8d385e6f873
C0012,train,C0012_CLEAN,C0012_LEAK,42424200012,42424200029,1.06190808076204,217,0.3047999999999999,0.3,0.0065669289291035,12,8,20,217_C0012_LEAKNODE,217_C0012_B,3600,300,"[start_time, end_time)",26.579002380371094,0.42431282501081563,0.1357391236928659,efb5b478d8b749f57471ad1542fabe85241509747f4dc5affa48da08d9546130
C0013,train,C0013_CLEAN,C0013_LEAK,42424200013,42424200030,1.0599530920001523,149,0.2032,0.1,0.0003242927866223,4,12,16,149_C0013_LEAKNODE,149_C0013_B,3600,300,"[start_time, end_time)",26.489700317382812,0.07197820372932395,0.007568057250116965,5afed4ce3f38c1f823ac34bbf56a6230553fed652b3c9a6c5f3c1134810acbe6
C0014,train,C0014_CLEAN,C0014_LEAK,42424200014,42424200031,0.986546149228402,199,0.3047999999999999,0.3,0.0065669289291035,8,12,20,199_C0014_LEAKNODE,199_C0014_B,3600,300,"[start_time, end_time)",27.583580017089844,0.6582219039321172,0.1437437976142195,5f54e36c7d09774a64e3deeedf141322945bc1f1362740ceb5d7d08f97eab4c0
C0015,train,C0015_CLEAN,C0015_LEAK,42424200015,42424200032,1.1154425450353829,273,0.3047999999999999,0.3,0.0065669289291035,6,12,18,273_C0015_LEAKNODE,273_C0015_B,3600,300,"[start_time, end_time)",28.095840454101562,1.674277657183927,0.127207272152941,0cca0718a6df20ab48978486b20d9fc10dc39d16cff91686259640a754166f46
C0016,train,C0016_CLEAN,C0016_LEAK,42424200016,42424200033,1.1395822887162317,315,0.6095999999999999,0.1,0.0029186350796015,12,6,18,315_C0016_LEAKNODE,315_C0016_B,3600,300,"[start_time, end_time)",27.140106201171875,0.2988967029577983,0.06393426277236842,0e80b2687b54ed6772c6e9e63e7e71c5a6b9298240bfc0fcbb17322bece15322
C0017,train,C0017_CLEAN,C0017_LEAK,42424200017,42424200034,0.9320191696696656,115,0.2032,0.1,0.0003242927866223,4,6,10,115_C0017_LEAKNODE,115_C0017_B,3600,300,"[start_time, end_time)",2.4111366271972656,0.05634971680949861,0.00739536986812835,98a5f303a0114761bc44d64deae849ce7a07ace38787cd71b19eaa19b944bf7e
C0018,calibration,C0018_CLEAN,C0018_LEAK,42424200018,42424200035,1.1466381929363971,209,0.2032,0.1,0.0003242927866223,8,10,18,209_C0018_LEAKNODE,209_C0018_B,3600,300,"[start_time, end_time)",26.864341735839844,0.29349820083736644,0.0071660314114609545,726fe8f04dabdc20544b607ed8f19cdc44cffa1deaeb936aea964a7353b16ce7
C0019,train,C0019_CLEAN,C0019_LEAK,42424200019,42424200036,0.8682384374866994,291,0.254,0.3,0.0045603673118774,10,12,22,291_C0019_LEAKNODE,291_C0019_B,3600,300,"[start_time, end_time)",26.702980041503906,0.9248616535062285,0.0859957056514479,4c63242bedc56d00d647ad25812b7e97354d28fa665db3f219688d9f6da0e844
C0020,test,C0020_CLEAN,C0020_LEAK,42424200020,42424200037,1.0249881402906376,319,0.3047999999999999,0.2,0.0029186350796015,10,8,18,319_C0020_LEAKNODE,319_C0020_B,3600,300,"[start_time, end_time)",26.831039428710938,0.41548228130247916,0.06112685142707798,b76eb890071ff3c3815f26b61f515567cc5b5fc0c8b7bcb97ae0ee0f67d441a0
C0021,train,C0021_CLEAN,C0021_LEAK,42424200021,42424200038,0.8560943532365335,303,0.2032,0.2,0.0012971711464895,4,10,14,303_C0021_LEAKNODE,303_C0021_B,3600,300,"[start_time, end_time)",3.3069019317626953,0.35019042350901175,0.030372496731481183,63b99a011e78b86b06663b88dc36ad68ccbaaea09690598afb955ab56dce9b1e
C0022,train,C0022_CLEAN,C0022_LEAK,42424200022,42424200039,1.0018195845571376,251,0.3555999999999999,0.2,0.0039725866361243,10,8,18,251_C0022_LEAKNODE,251_C0022_B,3600,300,"[start_time, end_time)",26.7265625,0.6365308560590073,0.0802726125516916,ea09352dda671128a043c29e0111fc209906a917aa409041e2f2a00608aee2f3
C0023,train,C0023_CLEAN,C0023_LEAK,42424200023,42424200040,0.9891062618355078,123,0.762,0.3,0.0410433058068973,12,6,18,123_C0023_LEAKNODE,123_C0023_B,3600,300,"[start_time, end_time)",25.484161376953125,2.445688117495768,0.895020471894785,1c2d94a841dea3857980ed3428462da38d5bfbbc9417944fe83325d9846ce11e
C0024,test,C0024_CLEAN,C0024_LEAK,42424200024,42424200041,0.9108769039577752,109,0.4064,0.2,0.0051886845859583,10,6,16,109_C0024_LEAKNODE,109_C0024_B,3600,300,"[start_time, end_time)",5.2884368896484375,0.4577995366346274,0.1081570688821111,ba7b8d50fd291a7aa93206ca0b4df2b821956b61a609513d4444583577ce8a81
C0025,train,C0025_CLEAN,C0025_LEAK,42424200025,42424200042,1.0652173623160257,237,0.3047999999999999,0.2,0.0029186350796015,10,12,22,237_C0025_LEAKNODE,237_C0025_B,3600,300,"[start_time, end_time)",26.621864318847656,0.3735925817503817,0.0605604956318901,b9a7e082673819638745fba4d9211b2379dfb461931d52dcfca137b291aec404
C0026,train,C0026_CLEAN,C0026_LEAK,42424200026,42424200043,0.9804707872099536,293,0.2032,0.1,0.0003242927866223,10,6,16,293_C0026_LEAKNODE,293_C0026_B,3600,300,"[start_time, end_time)",26.582664489746094,0.056514414123877456,0.006329923565107816,a246079c6e6d6a79920badcb2b238f3e22eb3f396d366f3aba14ceb17710c476
C0027,train,C0027_CLEAN,C0027_LEAK,42424200027,42424200044,0.9388978275578098,201,0.3047999999999999,0.3,0.0065669289291035,12,8,20,201_C0027_LEAKNODE,201_C0027_B,3600,300,"[start_time, end_time)",28.480934143066406,0.37327159268470117,0.11081324790706865,3db739d97495dcf75ba5a5b365f7efb62a89ac03d333117d743dd8c9c18094a0
C0028,train,C0028_CLEAN,C0028_LEAK,42424200028,42424200045,1.139118685308658,281,0.254,0.1,0.0005067074790974,12,8,20,281_C0028_LEAKNODE,281_C0028_B,3600,300,"[start_time, end_time)",26.38770294189453,0.066720625374633,0.010356776740286658,ba4699ae3d53609b7f89fd99d99bf4965f0ab925ddc77ed5dda28409a9886878
C0029,train,C0029_CLEAN,C0029_LEAK,42424200029,42424200046,0.8967675646470685,299,0.2032,0.3,0.0029186350796015,4,6,10,299_C0029_LEAKNODE,299_C0029_B,3600,300,"[start_time, end_time)",3.8219223022460938,0.3314279942654247,0.0629478160857177,8b53397230bdc8d86d5810c6d2a85c7709bc36d0bc368db4034ff7c8ced99ba3
C0030,train,C0030_CLEAN,C0030_LEAK,42424200030,42424200047,0.8832744443120719,289,0.254,0.2,0.0020268299163899,12,8,20,289_C0030_LEAKNODE,289_C0030_B,3600,300,"[start_time, end_time)",2.302138328552246,0.2211093231958561,0.03250530923560069,03e2dae569fd8aed6fc39d4de620e7ed86bffc40280a1c15fc581606c2895f85
C0031,train,C0031_CLEAN,C0031_LEAK,42424200031,42424200048,1.017564242848725,329,0.762,0.1,0.0045603673118774,4,10,14,329_C0031_LEAKNODE,329_C0031_B,3600,300,"[start_time, end_time)",26.668296813964844,0.47122073086119887,0.124410122044265,b2fd39fe20e9a95d220c1d1b5d6cafa8eacea04a2f40a29d29cade723245f6ec
C0032,test,C0032_CLEAN,C0032_LEAK,42424200032,42424200049,0.9684695489071252,269,0.3047999999999999,0.2,0.0029186350796015,12,6,18,269_C0032_LEAKNODE,269_C0032_B,3600,300,"[start_time, end_time)",26.67876434326172,0.4125405168824911,0.060896629983156834,6cb963505666848e81665a02e2cdaf9283c1c086a157398b40dacef086d673aa
C0033,validation,C0033_CLEAN,C0033_LEAK,42424200033,42424200050,0.8790913139818232,219,0.3047999999999999,0.1,0.0007296587699003,6,8,14,219_C0033_LEAKNODE,219_C0033_B,3600,300,"[start_time, end_time)",2.2967519760131836,0.1472269595293092,0.01621105438931047,0e789e4ebdf508041228de0c78d774551f842805438c3e88e98447e86625ec32
C0034,train,C0034_CLEAN,C0034_LEAK,42424200034,42424200051,0.8950756703388488,239,0.3047999999999999,0.3,0.0065669289291035,12,12,24,239_C0034_LEAKNODE,239_C0034_B,3600,300,"[start_time, end_time)",26.85700225830078,0.9481175222097569,0.13904546737169582,f21dc10b8196965e73f8bdddb80f3e5b8da0f0e54b9a39a951630fbee3c11393
C0035,test,C0035_CLEAN,C0035_LEAK,42424200035,42424200052,0.95224137883293,229,0.6095999999999999,0.2,0.0116745403184063,4,12,16,229_C0035_LEAKNODE,229_C0035_B,3600,300,"[start_time, end_time)",29.200233459472656,1.3146847971197246,0.26569895845197583,e39d2d838d606495e804785f2f727a5500478d185bf1310ec985a0ceb472e899
C0036,test,C0036_CLEAN,C0036_LEAK,42424200036,42424200053,0.9114513473334752,323,0.3047999999999999,0.2,0.0029186350796015,8,12,20,323_C0036_LEAKNODE,323_C0036_B,3600,300,"[start_time, end_time)",26.73614501953125,0.6097565901930632,0.0641854218674601,a58a21ba45194ba79df2ab9f487280560e8f95db8782ce93c659b65e11e30fc8
C0037,train,C0037_CLEAN,C0037_LEAK,42424200037,42424200054,0.8763876153152443,313,0.3047999999999999,0.2,0.0029186350796015,12,8,20,313_C0037_LEAKNODE,313_C0037_B,3600,300,"[start_time, end_time)",26.719131469726562,0.33946536372874553,0.06636197083830785,fe18809b39a3b30f4d57a73ed002a3114eed68c95f9760d328271e76e2e15268
C0038,train,C0038_CLEAN,C0038_LEAK,42424200038,42424200055,1.0398846429146371,111,0.3047999999999999,0.2,0.0029186350796015,8,8,16,111_C0038_LEAKNODE,111_C0038_B,3600,300,"[start_time, end_time)",26.686813354492188,0.40390311576120647,0.06435145010342579,109a3bf27e66b7d3509871b407ca928fcd4a29d172d6a935149ecbb205354775
C0039,calibration,C0039_CLEAN,C0039_LEAK,42424200039,42424200056,0.8646842627781033,207,0.3047999999999999,0.3,0.0065669289291035,4,12,16,207_C0039_LEAKNODE,207_C0039_B,3600,300,"[start_time, end_time)",26.93456268310547,1.2307558931011378,0.1442502709654908,8c37f3e9a2537a7f8be035ed5eb10b2862b57ccca60c07e28ad6e581d26084a2
C0040,test,C0040_CLEAN,C0040_LEAK,42424200040,42424200057,1.006697451214317,125,0.762,0.2,0.0182414692475099,8,10,18,125_C0040_LEAKNODE,125_C0040_B,3600,300,"[start_time, end_time)",26.174514770507812,1.1213223852380618,0.4153098840800039,88752e74a76f50b38de5fafe226c7d2f696939c83332f1960dabd6e10df15a5f
C0041,train,C0041_CLEAN,C0041_LEAK,42424200041,42424200058,1.0370474872619475,221,0.2032,0.1,0.0003242927866223,8,10,18,221_C0041_LEAKNODE,221_C0041_B,3600,300,"[start_time, end_time)",26.52631378173828,0.055442151697619305,0.007195959049954315,41c8020c12c05ea7e56e5d9a507b7b2dcdb1922d6677efd93d76321dfda7374b
C0042,train,C0042_CLEAN,C0042_LEAK,42424200042,42424200059,1.049314510611329,261,0.2032,0.3,0.0029186350796015,6,6,12,261_C0042_LEAKNODE,261_C0042_B,3600,300,"[start_time, end_time)",26.655975341796875,0.5614486001547556,0.0593970279038831,8e2ab27cc00a02988fe2f0dd91f791c4ee0bbd721a2c2a5c5fe908ec557edef6
C0043,train,C0043_CLEAN,C0043_LEAK,42424200043,42424200060,0.8620833199045604,113,0.3047999999999999,0.2,0.0029186350796015,6,6,12,113_C0043_LEAKNODE,113_C0043_B,3600,300,"[start_time, end_time)",3.8407859802246094,0.48918038597713503,0.06723491336275927,d319213306ff2a34542880b7966705e8ca5483a08b9e731708dfda6dd11c52f6
C0044,test,C0044_CLEAN,C0044_LEAK,42424200044,42424200061,0.8839875726329547,203,0.2032,0.1,0.0003242927866223,12,12,24,203_C0044_LEAKNODE,203_C0044_B,3600,300,"[start_time, end_time)",0.21983718872070312,0.04700062962834499,0.007148855320961109,0fd8986f2a8ea1492b2991c5768b8248d6dd8b87ef364592b5c052fb026c98fa
C0045,train,C0045_CLEAN,C0045_LEAK,42424200045,42424200062,0.9978831034050462,173,0.762,0.1,0.0045603673118774,4,8,12,173_C0045_LEAKNODE,173_C0045_B,3600,300,"[start_time, end_time)",26.58740234375,0.6329865864863199,0.10312997399439777,3f08393575e829bd144f788807a93d3c184e6bd94e36adf8691c436934df0f81
C0046,train,C0046_CLEAN,C0046_LEAK,42424200046,42424200063,1.128538607879423,275,0.3047999999999999,0.1,0.0007296587699003,4,12,16,275_C0046_LEAKNODE,275_C0046_B,3600,300,"[start_time, end_time)",27.075416564941406,0.1879871928402158,0.015016443961427671,110296774bc52a656e06a86384418e8bf2003b42e2eb7a7a95c3a0e01c6cb234
C0047,train,C0047_CLEAN,C0047_LEAK,42424200047,42424200064,1.090937154801002,117,0.3047999999999999,0.3,0.0065669289291035,8,6,14,117_C0047_LEAKNODE,117_C0047_B,3600,300,"[start_time, end_time)",26.974349975585938,0.5718789732125737,0.14177154481103219,1f28a7de21e224730fbaec9ee8e5ea5a63ec9832d59f78ca8fb0a823d40611dd
C0048,calibration,C0048_CLEAN,C0048_LEAK,42424200048,42424200065,0.9964216211816468,225,0.3047999999999999,0.3,0.0065669289291035,12,8,20,225_C0048_LEAKNODE,225_C0048_B,3600,300,"[start_time, end_time)",26.808128356933594,0.5573995322455767,0.1379419402211112,e8058107b984d9415de42757341fdf01d7a89487ce690ed3b997ef6e5e2d7b03
C0049,train,C0049_CLEAN,C0049_LEAK,42424200049,42424200066,1.0425976681200178,187,0.762,0.3,0.0410433058068973,12,8,20,187_C0049_LEAKNODE,187_C0049_B,3600,300,"[start_time, end_time)",25.795028686523438,4.649628322939154,0.8337566998941515,5dd73196a3b9f5713790a7a7d0036de481889b4059b28d683da5518487f57b11
C0050,train,C0050_CLEAN,C0050_LEAK,42424200050,42424200067,1.1190748906565071,135,0.6095999999999999,0.2,0.0116745403184063,4,12,16,135_C0050_LEAKNODE,135_C0050_B,3600,300,"[start_time, end_time)",27.07843017578125,0.7032946129806825,0.22267831127741702,dc11a03d036c1cfd85041eac691390ede1eb02ca1e7631e52fe572cec0f9c989
C0051,train,C0051_CLEAN,C0051_LEAK,42424200051,42424200068,0.9366354166117424,215,0.3047999999999999,0.1,0.0007296587699003,4,6,10,215_C0051_LEAKNODE,215_C0051_B,3600,300,"[start_time, end_time)",26.3475341796875,0.09810762678583103,0.016052488995811205,4b349035ad0f5e5597e6417403991730d2bb809bd764a15aa0f00451bd69ad8d
C0052,train,C0052_CLEAN,C0052_LEAK,42424200052,42424200069,1.0813508214816978,247,0.4064,0.2,0.0051886845859583,6,12,18,247_C0052_LEAKNODE,247_C0052_B,3600,300,"[start_time, end_time)",27.125038146972656,1.3783390121164867,0.10418292138757937,3e45b8cdd7824e3ac9ff9905efc8caff2ce490d60b10abb3dd08bfa040f0b04b
C0053,test,C0053_CLEAN,C0053_LEAK,42424200053,42424200070,1.0905880547556788,195,0.3047999999999999,0.2,0.0029186350796015,12,8,20,195_C0053_LEAKNODE,195_C0053_B,3600,300,"[start_time, end_time)",26.536209106445312,0.18370145727761594,0.06369585510766573,a4f1c6807182b010e071788513544c199641ce1687dbf9e72984836f6f3d321d
C0054,train,C0054_CLEAN,C0054_LEAK,42424200054,42424200071,1.1285035292964252,271,0.2032,0.2,0.0012971711464895,10,10,20,271_C0054_LEAKNODE,271_C0054_B,3600,300,"[start_time, end_time)",26.83393096923828,0.37490773664214855,0.026571036675264635,691bf31b3389a5c691121dc35ec8d32b82b76541d6ef3498421a1b172cf3345f
C0055,train,C0055_CLEAN,C0055_LEAK,42424200055,42424200072,0.8923381652929594,101,0.4572,0.3,0.014775590090483,10,8,18,101_C0055_LEAKNODE,101_C0055_B,3600,300,"[start_time, end_time)",26.667373657226562,0.8786646805722776,0.22533282032674296,405c8e65a4f6b4b692a60d261c77fbcafaf66fbe4614205a145debeb8c87469d
C0056,calibration,C0056_CLEAN,C0056_LEAK,42424200056,42424200073,0.8849457043394083,325,0.2032,0.3,0.0029186350796015,12,6,18,325_C0056_LEAKNODE,325_C0056_B,3600,300,"[start_time, end_time)",1.1921653747558594,0.28247301277050024,0.06560172088326902,32e82047e88c336c8ed46e0d4eb0101f3d0ee368b211abb88480a1c87977f814
C0057,validation,C0057_CLEAN,C0057_LEAK,42424200057,42424200074,1.0075888017475745,243,0.4064,0.3,0.0116745403184063,12,12,24,243_C0057_LEAKNODE,243_C0057_B,3600,300,"[start_time, end_time)",26.542213439941406,2.557989716670925,0.2205620122474474,da3bfb6a27fdb0cd67ac48788a811d81eafe0946127bee1665c1294f8967cfdc
C0058,validation,C0058_CLEAN,C0058_LEAK,42424200058,42424200075,1.0685526215481278,211,0.3047999999999999,0.3,0.0065669289291035,6,10,16,211_C0058_LEAKNODE,211_C0058_B,3600,300,"[start_time, end_time)",27.76616668701172,0.7655465839363514,0.15051095610049092,0430644cbe7e246ecafac354cc30f2d58ca6266659b2522ff0d72a794b287ae7
C0059,calibration,C0059_CLEAN,C0059_LEAK,42424200059,42424200076,0.8611685947327169,177,0.762,0.3,0.0410433058068973,8,12,20,177_C0059_LEAKNODE,177_C0059_B,3600,300,"[start_time, end_time)",25.837730407714844,6.485844672561404,0.8385929601581464,01f76639580f0cfc5e35e3263f1e9d951057eb5c1ac15a259832c4d6312005c2
C0060,test,C0060_CLEAN,C0060_LEAK,42424200060,42424200077,0.9221957952080496,245,0.4064,0.1,0.0012971711464895,6,6,12,245_C0060_LEAKNODE,245_C0060_B,3600,300,"[start_time, end_time)",26.697776794433594,0.22423637474902056,0.027925234193646866,2cf0e242df90ebef0462f1c8a55f5f2525d5177c5606bef84853e47aa2d7c606
C0061,test,C0061_CLEAN,C0061_LEAK,42424200061,42424200078,0.942570410402522,231,0.6095999999999999,0.2,0.0116745403184063,4,10,14,231_C0061_LEAKNODE,231_C0061_B,3600,300,"[start_time, end_time)",30.041793823242188,1.4375409962961418,0.25972423682710416,173a85c53e7df536032fe7be1f0884c75dc82c7093e6f0ff588ecef4e851ba68
C0062,validation,C0062_CLEAN,C0062_LEAK,42424200062,42424200079,1.061492192244161,147,0.2032,0.3,0.0029186350796015,10,12,22,147_C0062_LEAKNODE,147_C0062_B,3600,300,"[start_time, end_time)",26.445594787597656,0.35038247686213686,0.06004930561518722,23de7e8b659390dde6528875dd9d7db88db99b71e0a9340070e0243c9497b236
C0063,train,C0063_CLEAN,C0063_LEAK,42424200063,42424200080,1.0868137970022933,186,0.2032,0.2,0.0012971711464895,12,8,20,186_C0063_LEAKNODE,186_C0063_B,3600,300,"[start_time, end_time)",26.5169677734375,0.09337942637311122,0.027496447069891676,e9c70076264a90f4a00090475166fc9731380eecc5d1d3c58372bc7710c2999b
C0064,train,C0064_CLEAN,C0064_LEAK,42424200064,42424200081,0.8726279911493531,151,0.2032,0.1,0.0003242927866223,6,12,18,151_C0064_LEAKNODE,151_C0064_B,3600,300,"[start_time, end_time)",2.981853485107422,0.11482138960402219,0.007522265270859094,298570f01932c49ce0afd79aacaa61aeb940dff51595e106fcd49f492c40e17c
C0065,validation,C0065_CLEAN,C0065_LEAK,42424200065,42424200082,1.0236212512448208,60,0.6095999999999999,0.1,0.0029186350796015,12,10,22,60_C0065_LEAKNODE,60_C0065_B,3600,300,"[start_time, end_time)",26.234619140625,0.013354480966101175,0.07890389501412447,c9c52e12421b4ab8b560287729fb3493fd2dd4355ceeac05ee13256302901df3
C0066,train,C0066_CLEAN,C0066_LEAK,42424200066,42424200083,1.0086911280191189,305,0.3047999999999999,0.1,0.0007296587699003,6,10,16,305_C0066_LEAKNODE,305_C0066_B,3600,300,"[start_time, end_time)",26.53319549560547,0.10489822033030215,0.016723665972247382,c7e02cbe2a96b02310e84c2efffc3c09a9b1612c66ee551f8fe0738c38bbb3a6
C0067,train,C0067_CLEAN,C0067_LEAK,42424200067,42424200084,1.1181117010768036,213,0.3047999999999999,0.3,0.0065669289291035,12,10,22,213_C0067_LEAKNODE,213_C0067_B,3600,300,"[start_time, end_time)",26.685699462890625,0.5277830827113466,0.13471490527258287,84c18f165a068a56596fa00371bdd273022a1743e6074f9d945849535a733169
C0068,train,C0068_CLEAN,C0068_LEAK,42424200068,42424200085,1.0299772866156516,175,0.762,0.2,0.0182414692475099,4,8,12,175_C0068_LEAKNODE,175_C0068_B,3600,300,"[start_time, end_time)",29.35913848876953,0.8977275587041876,0.3999207387703132,941901746b1b5243e31215edd31ae9558b6131fe3c27c37f0fd3331f3509e28c
C0069,train,C0069_CLEAN,C0069_LEAK,42424200069,42424200086,0.9395354105185167,309,0.2032,0.2,0.0012971711464895,12,8,20,309_C0069_LEAKNODE,309_C0069_B,3600,300,"[start_time, end_time)",26.40386199951172,0.153646057982187,0.0286539059896507,f3627294e2ac169477d438589d7a58b6a52890d8abe0c2b35244c50bb5bac494
C0070,calibration,C0070_CLEAN,C0070_LEAK,42424200070,42424200087,1.0014268833432545,301,0.2032,0.3,0.0029186350796015,4,12,16,301_C0070_LEAKNODE,301_C0070_B,3600,300,"[start_time, end_time)",26.58697509765625,0.5802421109513726,0.06569991194165217,bd5f0734cc94ea715808e4995820b2d8fac1bc0693744290ec938ef5b03376ec
C0071,train,C0071_CLEAN,C0071_LEAK,42424200071,42424200088,1.0784523744735042,107,0.3047999999999999,0.3,0.0065669289291035,4,6,10,107_C0071_LEAKNODE,107_C0071_B,3600,300,"[start_time, end_time)",27.116836547851562,0.5915552060762096,0.13719030874244098,310f25c5a8bc960eee1232b0d2bd2a9fe9e7ac50070ed0a6ef8accaf4b8a37ee
C0072,train,C0072_CLEAN,C0072_LEAK,42424200072,42424200089,0.8706798035955267,311,0.3047999999999999,0.1,0.0007296587699003,4,8,12,311_C0072_LEAKNODE,311_C0072_B,3600,300,"[start_time, end_time)",2.8602523803710938,0.1667594489226972,0.016226994775106498,068220be91fb8d0a7d68bce5163de568c15cbe1feea7bc0a7df2d4aa25ad8a7a
C0073,validation,C0073_CLEAN,C0073_LEAK,42424200073,42424200090,0.953029604711516,180,0.3555999999999999,0.1,0.000993146659031,4,12,16,180_C0073_LEAKNODE,180_C0073_B,3600,300,"[start_time, end_time)",26.420677185058594,0.2206358314584399,0.022464039547677422,8d91614b9012696198909aae6b5389df0ce75d01e95e610541afb14580a29438
C0074,test,C0074_CLEAN,C0074_LEAK,42424200074,42424200091,0.9357831865079148,171,0.3047999999999999,0.1,0.0007296587699003,10,8,18,171_C0074_LEAKNODE,171_C0074_B,3600,300,"[start_time, end_time)",26.348060607910156,0.07603037718240037,0.01609987905248757,812e6eea4b216553256d970373c86464dfbb13ae706bb870cd65c4e0b4528b2f
C0075,train,C0075_CLEAN,C0075_LEAK,42424200075,42424200092,1.0251841299423403,189,0.762,0.3,0.0410433058068973,12,6,18,189_C0075_LEAKNODE,189_C0075_B,3600,300,"[start_time, end_time)",25.815391540527344,3.378347650315375,0.8264262589571888,def7e0095dc2096748a29ed182322d9d269778fdcc81058f180bc5a99f2a7ae7
C0076,calibration,C0076_CLEAN,C0076_LEAK,42424200076,42424200093,1.002533207056619,183,0.762,0.3,0.0410433058068973,10,10,20,183_C0076_LEAKNODE,183_C0076_B,3600,300,"[start_time, end_time)",25.75951385498047,5.877829658425421,0.8329532068634451,3aa3d846d796bacb0c9135664a44a62eaad55f6d5af85c67a5194b9b8dcfe499
C0077,train,C0077_CLEAN,C0077_LEAK,42424200077,42424200094,1.077302074064143,129,0.6095999999999999,0.1,0.0029186350796015,6,6,12,129_C0077_LEAKNODE,129_C0077_B,3600,300,"[start_time, end_time)",26.690162658691406,0.3137825515929322,0.06743521048807462,09b1a89b61daa7f702d5153a607c4aefd7a777b59b37729c87c8af3e8f942b95
C0078,train,C0078_CLEAN,C0078_LEAK,42424200078,42424200095,1.0353767718702576,235,0.3047999999999999,0.1,0.0007296587699003,12,12,24,235_C0078_LEAKNODE,235_C0078_B,3600,300,"[start_time, end_time)",26.594566345214844,0.11029424451184452,0.016009129638462318,94a1b635d7ee6c086d904785034c9ab2dd6d9fc83a512ec45613adf15889523c
C0079,train,C0079_CLEAN,C0079_LEAK,42424200079,42424200096,0.934359376918596,191,0.6095999999999999,0.1,0.0029186350796015,12,6,18,191_C0079_LEAKNODE,191_C0079_B,3600,300,"[start_time, end_time)",26.53937530517578,0.3024750722752721,0.0661257703061017,b528e5707ece19698e56491cc47836db6325b5b2600a3eabc008615ad2f76c40
C0080,validation,C0080_CLEAN,C0080_LEAK,42424200080,42424200097,0.9306066992533748,285,0.3047999999999999,0.2,0.0029186350796015,8,12,20,285_C0080_LEAKNODE,285_C0080_B,3600,300,"[start_time, end_time)",26.787628173828125,0.7497116843116273,0.059657519157232115,a278edcbd7638856bc3c71dbdb98eb0dabc0cb759dcc72303f7c8cd6140847ef
C0081,train,C0081_CLEAN,C0081_LEAK,42424200081,42424200098,0.953741313324196,257,0.3047999999999999,0.3,0.0065669289291035,10,10,20,257_C0081_LEAKNODE,257_C0081_B,3600,300,"[start_time, end_time)",26.76618194580078,1.29702130673836,0.12246019956578276,5aaa894091a5a74e72aef1fdd217081ea39b2fe2715f69d0fe8c8efafd3cecd6
C0082,validation,C0082_CLEAN,C0082_LEAK,42424200082,42424200099,0.9371662978979096,137,0.4064,0.2,0.0051886845859583,6,12,18,137_C0082_LEAKNODE,137_C0082_B,3600,300,"[start_time, end_time)",26.763671875,0.6293661556469532,0.10798049601414425,9b6ec6a878c855fd004bccfe5dc430e868caa37b24232cc499823f44f5d23bd8
C0083,train,C0083_CLEAN,C0083_LEAK,42424200083,42424200100,0.9295550424334308,145,0.2032,0.3,0.0029186350796015,10,6,16,145_C0083_LEAKNODE,145_C0083_B,3600,300,"[start_time, end_time)",26.533767700195312,0.2355132015301788,0.05648578823487793,eb77d80f1858493977d7ec85c397cee1dffe8fcd4a63ee213216e8825d699589
C0084,train,C0084_CLEAN,C0084_LEAK,42424200084,42424200101,1.040272669984816,263,0.3047999999999999,0.1,0.0007296587699003,12,6,18,263_C0084_LEAKNODE,263_C0084_B,3600,300,"[start_time, end_time)",26.539657592773438,0.08479947805770374,0.015398604377819666,15a00c893e448437cdabba65023ad71e694d85f63e56f922972a5d54ae0c711f
C0085,train,C0085_CLEAN,C0085_LEAK,42424200085,42424200102,0.9343659822485544,161,0.2032,0.3,0.0029186350796015,12,12,24,161_C0085_LEAKNODE,161_C0085_B,3600,300,"[start_time, end_time)",26.643524169921875,0.35549817716531923,0.06005090994741812,f6e8aafcd1cf237479257e4f5eb3274406eb0048ed42e1cbea5dd841159dfef6
C0086,train,C0086_CLEAN,C0086_LEAK,42424200086,42424200103,0.8512260985884734,295,0.3047999999999999,0.1,0.0007296587699003,10,8,18,295_C0086_LEAKNODE,295_C0086_B,3600,300,"[start_time, end_time)",0.9926490783691406,0.1227425207796785,0.015025927057763747,4fdcbe34cde19a1ddd247d8318063a67ca2d96b15793f0702ce7751c6a4d9e7b
C0087,train,C0087_CLEAN,C0087_LEAK,42424200087,42424200104,1.1394784635496875,277,0.3047999999999999,0.3,0.0065669289291035,8,6,14,277_C0087_LEAKNODE,277_C0087_B,3600,300,"[start_time, end_time)",26.924713134765625,0.9572092581471028,0.1217142912732264,e20e13d738156c4a72ff52235bb0150ae18790b7767e89e9f1f26b056d996a0d
C0088,train,C0088_CLEAN,C0088_LEAK,42424200088,42424200105,1.1106794358707182,223,0.3047999999999999,0.3,0.0065669289291035,8,12,20,223_C0088_LEAKNODE,223_C0088_B,3600,300,"[start_time, end_time)",26.767799377441406,0.6099838192589421,0.1353238651925673,e670d84aaa83ef3907cffebac34b66f436e23c13a606a969d2c6aeff71e9a07a
C0089,train,C0089_CLEAN,C0089_LEAK,42424200089,42424200106,1.0304356614363364,287,0.254,0.2,0.0020268299163899,8,6,14,287_C0089_LEAKNODE,287_C0089_B,3600,300,"[start_time, end_time)",26.59654998779297,0.32161588855538253,0.04042016099778767,a475413e694d31d96b69cfe63238e94f6a4be1cab5b7d3d3fe5692f44f276c97
C0090,calibration,C0090_CLEAN,C0090_LEAK,42424200090,42424200107,0.902311632126616,119,0.3047999999999999,0.3,0.0065669289291035,12,10,22,119_C0090_LEAKNODE,119_C0090_B,3600,300,"[start_time, end_time)",26.846534729003906,0.785437129166829,0.14340207839105978,08a0463a3a9f2bc78b66e61dbfa8cd3b0f4cd2096afacf8fe4300dc2a97f9360
C0091,train,C0091_CLEAN,C0091_LEAK,42424200091,42424200108,0.8838423196048524,307,0.3047999999999999,0.3,0.0065669289291035,8,10,18,307_C0091_LEAKNODE,307_C0091_B,3600,300,"[start_time, end_time)",26.685531616210938,1.0839855158772966,0.15101949043666896,b627d4da0fb1834f814a27c4b40595dea930438c87c2a7d77189aaff0400e9d5
C0092,calibration,C0092_CLEAN,C0092_LEAK,42424200092,42424200109,0.9367717201804928,233,0.6095999999999999,0.2,0.0116745403184063,10,10,20,233_C0092_LEAKNODE,233_C0092_B,3600,300,"[start_time, end_time)",27.202713012695312,1.3617285218328887,0.24744191951249314,9a00550649441b715759dfb58ff65d41530cec456502b42e7bb5c7ac4e653c8e
C0093,calibration,C0093_CLEAN,C0093_LEAK,42424200093,42424200110,0.988114458064728,159,0.3047999999999999,0.2,0.0029186350796015,8,12,20,159_C0093_LEAKNODE,159_C0093_B,3600,300,"[start_time, end_time)",26.56330108642578,0.5245037109990766,0.06145094179949207,3e6486cb1a44d6b9404600e80d99894a7440811a23a2c0e5f169eab7df578ef1
C0094,train,C0094_CLEAN,C0094_LEAK,42424200094,42424200111,0.8595211220495751,131,0.6095999999999999,0.3,0.0262677157164142,4,6,10,131_C0094_LEAKNODE,131_C0094_B,3600,300,"[start_time, end_time)",26.698196411132812,2.1839181902307985,0.5336285552204858,622454b44da0a269db2d223ca65db7ed5f937ede5a69cbfd03fd226c3637e577
C0095,validation,C0095_CLEAN,C0095_LEAK,42424200095,42424200112,0.9886103793123604,283,0.3047999999999999,0.1,0.0007296587699003,4,12,16,283_C0095_LEAKNODE,283_C0095_B,3600,300,"[start_time, end_time)",26.405548095703125,0.23757834305308662,0.01509519619007196,62ecc1196b74fd462ebd7494d3b31e86d7da5c23c1a77a9d74dde907b3c7fc8c
C0096,train,C0096_CLEAN,C0096_LEAK,42424200096,42424200113,1.0525441711476178,297,0.2032,0.3,0.0029186350796015,6,10,16,297_C0096_LEAKNODE,297_C0096_B,3600,300,"[start_time, end_time)",26.686744689941406,0.41010466504929616,0.06566739075504127,cc84b352829692f1daedd232385119b94e716c2f0c2b5999438140bfadea90db
C0097,calibration,C0097_CLEAN,C0097_LEAK,42424200097,42424200114,1.0984602485468975,179,0.762,0.2,0.0182414692475099,4,8,12,179_C0097_LEAKNODE,179_C0097_B,3600,300,"[start_time, end_time)",26.73529815673828,1.3643742999535626,0.39512760057974483,e2c98503dcf02a36c95cd762237d5f0f5252af381238e92920dbc5a1ba018b6e
C0098,validation,C0098_CLEAN,C0098_LEAK,42424200098,42424200115,0.949405873969034,122,0.2032,0.3,0.0029186350796015,10,12,22,122_C0098_LEAKNODE,122_C0098_B,3600,300,"[start_time, end_time)",26.474075317382812,0.36560960893256483,0.06737378605985032,065b714c4dc82b163fe8d54e6791c246629ee6a2a3cd426ca211b1441c0e6e0a
C0099,calibration,C0099_CLEAN,C0099_LEAK,42424200099,42424200116,0.9188097775684902,209,0.2032,0.1,0.0003242927866223,6,6,12,209_C0099_LEAKNODE,209_C0099_B,3600,300,"[start_time, end_time)",2.3930463790893555,0.055626615576639546,0.007380072375337233,6538c2a7da31b39e92e11fe3d90433862c83e01216b21f69150fd21b7b0cdb06
C0100,train,C0100_CLEAN,C0100_LEAK,42424200100,42424200117,1.0894963248766407,121,0.3047999999999999,0.2,0.0029186350796015,8,8,16,121_C0100_LEAKNODE,121_C0100_B,3600,300,"[start_time, end_time)",26.85425567626953,0.40792825427625945,0.06669673121628228,352f2bf09147e96522aabb15e12a3da5d550b1a696021f18ea1b928eae949129
C0101,validation,C0101_CLEAN,C0101_LEAK,42424200101,42424200118,1.1478623379957325,185,0.2032,0.1,0.0003242927866223,10,12,22,185_C0101_LEAKNODE,185_C0101_B,3600,300,"[start_time, end_time)",26.718429565429688,0.04584437982111683,0.007668326493607743,b3ff0dace9e7ac749dff34768c5c966beab9ce261dc3f97ed62b99e865843537
C0102,calibration,C0102_CLEAN,C0102_LEAK,42424200102,42424200119,0.9719396352150036,207,0.3047999999999999,0.2,0.0029186350796015,8,12,20,207_C0102_LEAKNODE,207_C0102_B,3600,300,"[start_time, end_time)",26.72516632080078,0.45230262763219503,0.06486754214582999,65a53856e2eff5aff99ddae6ccfc29e85a54e67d1ade2c167c7cfe4fe2c7d0ad
C0103,test,C0103_CLEAN,C0103_LEAK,42424200103,42424200120,0.954156448555056,153,0.3047999999999999,0.3,0.0065669289291035,8,10,18,153_C0103_LEAKNODE,153_C0103_B,3600,300,"[start_time, end_time)",26.708152770996094,0.9482295627819739,0.12289148775614411,91cebf1b0e7d3538f197115b330398867bd2ee81950a1ae935a5015190f59820
C0104,test,C0104_CLEAN,C0104_LEAK,42424200104,42424200121,0.8756524505605041,169,0.2032,0.2,0.0012971711464895,4,6,10,169_C0104_LEAKNODE,169_C0104_B,3600,300,"[start_time, end_time)",2.8808422088623047,0.20567881333703933,0.027019834191994753,54e2eaed8f9315ac8504c8d2b138395fa495bf67513b4fe3014336a1131267fe
C0105,train,C0105_CLEAN,C0105_LEAK,42424200105,42424200122,0.9097658584224848,204,0.3047999999999999,0.1,0.0007296587699003,10,8,18,204_C0105_LEAKNODE,204_C0105_B,3600,300,"[start_time, end_time)",26.4371337890625,0.10008241066206042,0.0153557504825464,0d523b871f57760bb71ec2fc31b12a4d28b1df4d7d7bc93f316d7cbb4928f553
C0106,train,C0106_CLEAN,C0106_LEAK,42424200106,42424200123,1.1097666663343655,241,0.3047999999999999,0.2,0.0029186350796015,6,10,16,241_C0106_LEAKNODE,241_C0106_B,3600,300,"[start_time, end_time)",27.511077880859375,0.6590362271046225,0.061245093568867676,0301380225e8e3d05aa065907300fba2782a7e9a9f174a9170c377b6393423dd
C0107,train,C0107_CLEAN,C0107_LEAK,42424200107,42424200124,0.978873884302387,181,0.3555999999999999,0.2,0.0039725866361243,6,8,14,181_C0107_LEAKNODE,181_C0107_B,3600,300,"[start_time, end_time)",26.681503295898438,0.49193486985156315,0.08993057082907847,718718dc5276a580c78e289e3d2578de240b57bb58dd5f2cb557aee216051efe
C0108,train,C0108_CLEAN,C0108_LEAK,42424200108,42424200125,0.8850215108264076,321,0.762,0.3,0.0410433058068973,6,12,18,321_C0108_LEAKNODE,321_C0108_B,3600,300,"[start_time, end_time)",26.28174591064453,6.895920948148113,0.8390878419472741,2379a4c12be75d15b5de014444e2ce2383aa84f1e3284e1aa8b11bf45bcb6a22
C0109,validation,C0109_CLEAN,C0109_LEAK,42424200109,42424200126,0.9599715142363406,202,0.2032,0.1,0.0003242927866223,10,10,20,202_C0109_LEAKNODE,202_C0109_B,3600,300,"[start_time, end_time)",0.2250823974609375,0.04402964701857772,0.007026102903801351,16a8011f249ea707ac520cc38db0439e7a00e58273aa6f506e1f5a409b922e3e
C0110,train,C0110_CLEAN,C0110_LEAK,42424200110,42424200127,0.9838149628931194,103,0.4064,0.3,0.0116745403184063,6,6,12,103_C0110_LEAKNODE,103_C0110_B,3600,300,"[start_time, end_time)",27.002182006835938,0.6973657719266022,0.22404906932314092,75539e7015b1e5f089c6844257208caea889a93691d4d0bdcf73bfce2a6c25e1
C0111,test,C0111_CLEAN,C0111_LEAK,42424200111,42424200128,0.9115956542078208,112,0.3047999999999999,0.3,0.0065669289291035,6,8,14,112_C0111_LEAKNODE,112_C0111_B,3600,300,"[start_time, end_time)",26.740554809570312,0.8788986991457324,0.14342440473455642,f04ee586a497b0ff39d0da1aec2ebdd79d05c91f830736a70081b62ecfd610fe
C0112,train,C0112_CLEAN,C0112_LEAK,42424200112,42424200129,1.0743051208157957,333,0.762,0.2,0.0182414692475099,6,12,18,333_C0112_LEAKNODE,333_C0112_B,3600,300,"[start_time, end_time)",17.5611572265625,0.3414658588053684,0.5273635488863498,d3fa70692084ed2fa0b2e42bf4dd816072406e9fd86ec2b24c2ca52ea54c10cf
C0113,calibration,C0113_CLEAN,C0113_LEAK,42424200113,42424200130,1.0674667487923184,225,0.3047999999999999,0.1,0.0007296587699003,10,12,22,225_C0113_LEAKNODE,225_C0113_B,3600,300,"[start_time, end_time)",26.49981689453125,0.08674886366039151,0.015940265257401977,377666573023cd3e4fdd1a6109f3eaaf44a16747d28fb91dbefddf8ef241138c
C0114,test,C0114_CLEAN,C0114_LEAK,42424200114,42424200131,1.0339025467091405,120,0.3047999999999999,0.3,0.0065669289291035,8,6,14,120_C0114_LEAKNODE,120_C0114_B,3600,300,"[start_time, end_time)",26.913429260253906,0.35208561227974206,0.15150160805824603,4147e644ad70af48248c1d0541deeaee481aaf92642ab87d808d96dbcef8506d
C0115,test,C0115_CLEAN,C0115_LEAK,42424200115,42424200132,1.115148463915406,317,0.2032,0.3,0.0029186350796015,10,12,22,317_C0115_LEAKNODE,317_C0115_B,3600,300,"[start_time, end_time)",26.559043884277344,0.3443697509626107,0.060838758815088885,31cde1fee8a17ce277dea9f950b584071701f55caec3150c37d88b052c615270
C0116,validation,C0116_CLEAN,C0116_LEAK,42424200116,42424200133,1.0215094877356474,240,0.3047999999999999,0.2,0.0029186350796015,10,6,16,240_C0116_LEAKNODE,240_C0116_B,3600,300,"[start_time, end_time)",26.742225646972656,0.44175056848295347,0.06193265301548456,655e1cc30bcdd2314587c2a9f5baf70e20f6ca59670296460912f3d38c583594
C0117,train,C0117_CLEAN,C0117_LEAK,42424200117,42424200134,1.1113482708488316,249,0.4064,0.1,0.0012971711464895,4,10,14,249_C0117_LEAKNODE,249_C0117_B,3600,300,"[start_time, end_time)",27.069961547851562,0.497926140810729,0.027214771506612317,bb2f146d726aab2f737f469eacbf561333d59672ebbe3295ad5a2d957d5dcf3a
C0118,test,C0118_CLEAN,C0118_LEAK,42424200118,42424200135,0.965470573125798,105,0.3047999999999999,0.3,0.0065669289291035,4,12,16,105_C0118_LEAKNODE,105_C0118_B,3600,300,"[start_time, end_time)",26.734573364257812,0.8383159025921316,0.13369426890274608,0eb0c23f1a640e20a58b8ddf57d41818f7a68eb3b386fa6a97824275ea0e5cf0
C0119,train,C0119_CLEAN,C0119_LEAK,42424200119,42424200136,0.9527504085091014,116,0.3047999999999999,0.3,0.0065669289291035,4,10,14,116_C0119_LEAKNODE,116_C0119_B,3600,300,"[start_time, end_time)",27.064186096191406,0.9534088259657317,0.14258162718324582,8e96028b06a9ae932d8e5cfa56f5127bf1f44edfd1fdaf2ec3d7ce7cbf4ab868
C0120,calibration,C0120_CLEAN,C0120_LEAK,42424200120,42424200137,1.0155239815953352,325,0.2032,0.1,0.0003242927866223,4,8,12,325_C0120_LEAKNODE,325_C0120_B,3600,300,"[start_time, end_time)",26.48546600341797,0.06460833620940887,0.00741067061068243,3a187357a5239b0107e91ba6bc12cf21468dcc243a03c3f3ddcaa045c61324c2
C0121,train,C0121_CLEAN,C0121_LEAK,42424200121,42424200138,0.990909137017238,163,0.3047999999999999,0.3,0.0065669289291035,12,10,22,163_C0121_LEAKNODE,163_C0121_B,3600,300,"[start_time, end_time)",26.34332275390625,0.4217085505387783,0.1157650012005506,72bb972349f528932f2db5bc2b7bbfc1b0ef77f49afe1a076430077acca73e82
C0122,train,C0122_CLEAN,C0122_LEAK,42424200122,42424200139,1.0892336492350414,114,0.2032,0.2,0.0012971711464895,4,12,16,114_C0122_LEAKNODE,114_C0122_B,3600,300,"[start_time, end_time)",27.393775939941406,0.40515531315849146,0.029597564313563408,4cfaa17dedb53e90e2a60a2ae1c00d49d15f1d3fef2819bfb7b6f5522ef50f28
C0123,train,C0123_CLEAN,C0123_LEAK,42424200123,42424200140,1.0554109290591012,197,0.3047999999999999,0.2,0.0029186350796015,12,8,20,197_C0123_LEAKNODE,197_C0123_B,3600,300,"[start_time, end_time)",26.711769104003906,0.31980562384585975,0.06416848201500103,f7355b1dd25f517979d6350cc392529a8a69e9a7d0e9974abe8f57a06bc955b1
C0124,train,C0124_CLEAN,C0124_LEAK,42424200124,42424200141,0.8505869315973625,193,0.6095999999999999,0.2,0.0116745403184063,10,12,22,193_C0124_LEAKNODE,193_C0124_B,3600,300,"[start_time, end_time)",27.108154296875,1.5562503703044004,0.2554453925263107,ac78a18d77e4b9c8cc310835fb340a294502ad8a6c0f8308f0e69cde43d09f81
C0125,train,C0125_CLEAN,C0125_LEAK,42424200125,42424200142,0.8671776778544474,217,0.3047999999999999,0.2,0.0029186350796015,6,12,18,217_C0125_LEAKNODE,217_C0125_B,3600,300,"[start_time, end_time)",3.027446746826172,0.681835194699812,0.06310338263162846,a92f71636b36a8b58630eee591739e80a84e15c646e73f804b37960524cbd68b
C0126,train,C0126_CLEAN,C0126_LEAK,42424200126,42424200143,0.9150095862212584,149,0.2032,0.3,0.0029186350796015,10,10,20,149_C0126_LEAKNODE,149_C0126_B,3600,300,"[start_time, end_time)",26.494911193847656,0.47004872214270893,0.061777188243951196,758f9b1d5f56ec903b6905133e112a0a21a01a0dca9f13d6c1991d351f604931
C0127,train,C0127_CLEAN,C0127_LEAK,42424200127,42424200144,1.1047823192380817,199,0.3047999999999999,0.1,0.0007296587699003,4,6,10,199_C0127_LEAKNODE,199_C0127_B,3600,300,"[start_time, end_time)",27.072593688964844,0.05514231709250554,0.016114788308076954,7b9fc713625d087e55f53db99973a3ebd1491a245aba3cf8aed1f79c3418eb32
C0128,train,C0128_CLEAN,C0128_LEAK,42424200128,42424200145,0.9530961547810016,273,0.3047999999999999,0.1,0.0007296587699003,6,12,18,273_C0128_LEAKNODE,273_C0128_B,3600,300,"[start_time, end_time)",26.39215850830078,0.22683077558214756,0.015273020383134703,042ff66abe3b5c8f03c829002dc1aa51767bc0a7bc1e3cf46d9b110764677908
C0129,train,C0129_CLEAN,C0129_LEAK,42424200129,42424200146,1.0217142789380365,315,0.6095999999999999,0.1,0.0029186350796015,4,6,10,315_C0129_LEAKNODE,315_C0129_B,3600,300,"[start_time, end_time)",27.05419158935547,0.23109899959923796,0.06478955402127826,f98f2bcc34c298e8c7461534dec1107c370c47df5038559fbe87acbc49f341d1
C0130,train,C0130_CLEAN,C0130_LEAK,42424200130,42424200147,1.0739545794710277,115,0.2032,0.3,0.0029186350796015,10,12,22,115_C0130_LEAKNODE,115_C0130_B,3600,300,"[start_time, end_time)",26.575477600097656,0.28513635137332627,0.06273960706040241,2730e2b5054a8c28cf9d21e5790ab4b996afeed835f39c5f075c2e2bf75b515b
C0131,train,C0131_CLEAN,C0131_LEAK,42424200131,42424200148,0.9566836618429456,291,0.254,0.3,0.0045603673118774,4,8,12,291_C0131_LEAKNODE,291_C0131_B,3600,300,"[start_time, end_time)",26.751487731933594,0.8780636428655195,0.08359491292718203,6f2be604354dddc1c19fa7f9fe25c6bc856026a694ceadfad69c939ffc6fe0a8
C0132,validation,C0132_CLEAN,C0132_LEAK,42424200132,42424200149,0.9701551860227028,238,0.3047999999999999,0.1,0.0007296587699003,4,6,10,238_C0132_LEAKNODE,238_C0132_B,3600,300,"[start_time, end_time)",26.364524841308594,0.11631672187511044,0.015974100818220035,24413f94fb08d287fd7a1e042fb842be1d556e7422a3368fe075ee4c2017e054
C0133,calibration,C0133_CLEAN,C0133_LEAK,42424200133,42424200150,1.0599188767678724,177,0.762,0.2,0.0182414692475099,8,6,14,177_C0133_LEAKNODE,177_C0133_B,3600,300,"[start_time, end_time)",28.38721466064453,1.0985108878695664,0.39889480032335073,6ec5c2442e1ac70051bb283dadbf6b37b4192db3a4c623a3320e33b194a15fcf
C0134,test,C0134_CLEAN,C0134_LEAK,42424200134,42424200151,0.998150585052141,155,0.3047999999999999,0.2,0.0029186350796015,12,8,20,155_C0134_LEAKNODE,155_C0134_B,3600,300,"[start_time, end_time)",26.586288452148438,0.34789483541703753,0.06209368734888548,b051c277185d237fb15680cf111767ce788790e16591ed6ab1cc9c5497b523f1
C0135,train,C0135_CLEAN,C0135_LEAK,42424200135,42424200152,0.8857677158150248,303,0.2032,0.2,0.0012971711464895,6,12,18,303_C0135_LEAKNODE,303_C0135_B,3600,300,"[start_time, end_time)",2.606471061706543,0.3310628949827954,0.03012977082608834,5c768631970c683001f92b7a94b6c3baa2404202949a0051a755850ac71948bf
C0136,validation,C0136_CLEAN,C0136_LEAK,42424200136,42424200153,0.9882975936597432,133,0.508,0.3,0.0182414692475099,8,6,14,133_C0136_LEAKNODE,133_C0136_B,3600,300,"[start_time, end_time)",26.714317321777344,0.5671898132566252,0.28086778875269075,cf14adee0b7d976fb8dbaf302963e23563639d90be2d18545a990e1125425607
C0137,test,C0137_CLEAN,C0137_LEAK,42424200137,42424200154,1.1000415249896822,319,0.3047999999999999,0.1,0.0007296587699003,12,8,20,319_C0137_LEAKNODE,319_C0137_B,3600,300,"[start_time, end_time)",26.520584106445312,0.06421168184467531,0.015215040944496586,67887e389f49e930fbdd24e9bc7ab6b489a312ac509087e6ed7553920a13e5fa
C0138,train,C0138_CLEAN,C0138_LEAK,42424200138,42424200155,1.1007555003214509,251,0.3555999999999999,0.2,0.0039725866361243,12,12,24,251_C0138_LEAKNODE,251_C0138_B,3600,300,"[start_time, end_time)",26.47643280029297,0.7715287565522809,0.07915222961177173,99ea1be7ac1686c35273662cc2f1be2effeb648d28d531dd8ea465fb2aacbed3
C0139,train,C0139_CLEAN,C0139_LEAK,42424200139,42424200156,1.1077384275845623,123,0.762,0.1,0.0045603673118774,4,6,10,123_C0139_LEAKNODE,123_C0139_B,3600,300,"[start_time, end_time)",28.811050415039062,0.5574624958312797,0.11281346187663498,ba0cd035e7a47cc7456e9481c3f48cc3ca64c676d0381c5c087b3db96697c1d3
C0140,validation,C0140_CLEAN,C0140_LEAK,42424200140,42424200157,1.1420552431558917,330,0.762,0.2,0.0182414692475099,10,8,18,330_C0140_LEAKNODE,330_C0140_B,3600,300,"[start_time, end_time)",49.84395217895508,0.5511483883849068,0.4915187079367798,090019d7d8011b281f311ceeb1844ba635375d711cf44aebc1228addd026eca3
C0141,validation,C0141_CLEAN,C0141_LEAK,42424200141,42424200158,0.9912375226156716,205,0.3047999999999999,0.2,0.0029186350796015,12,10,22,205_C0141_LEAKNODE,205_C0141_B,3600,300,"[start_time, end_time)",26.701019287109375,0.339143556793158,0.06135931449465146,bdbc15747af92ba67705a1b83dd072fbf00ff044b59f34ac75756876c51f4bbf
C0142,test,C0142_CLEAN,C0142_LEAK,42424200142,42424200159,1.0184765800435327,109,0.4064,0.3,0.0116745403184063,8,6,14,109_C0142_LEAKNODE,109_C0142_B,3600,300,"[start_time, end_time)",27.10417938232422,0.5741436951654695,0.22817525843088585,67b309a41708b726f52556923522f7e297207d9c59698a8aaf77cda24094bd9e
C0143,train,C0143_CLEAN,C0143_LEAK,42424200143,42424200160,1.0218401449417909,237,0.3047999999999999,0.3,0.0065669289291035,6,6,12,237_C0143_LEAKNODE,237_C0143_B,3600,300,"[start_time, end_time)",27.054283142089844,0.5698422669053558,0.1337373513742977,9f75c1e9760b5b87825a8e2ae50feed762c2a5f4d02ab9eeb14870aace6752e9
C0144,train,C0144_CLEAN,C0144_LEAK,42424200144,42424200161,1.137188881537814,293,0.2032,0.3,0.0029186350796015,8,10,18,293_C0144_LEAKNODE,293_C0144_B,3600,300,"[start_time, end_time)",26.536903381347656,0.5080860631714968,0.055634209222598964,b6f077bfc0a3593b3d5501a1494249da4ba5786d5d64bed48a98a9c090f8a352
C0145,train,C0145_CLEAN,C0145_LEAK,42424200145,42424200162,1.1217363059359369,201,0.3047999999999999,0.3,0.0065669289291035,10,6,16,201_C0145_LEAKNODE,201_C0145_B,3600,300,"[start_time, end_time)",27.54552459716797,0.35323787272535173,0.1067007549713234,91dda6a981a41a84a11940b1996497e782111db8c28225965219e1c9d29495d1
C0146,calibration,C0146_CLEAN,C0146_LEAK,42424200146,42424200163,0.99204567595767,301,0.2032,0.2,0.0012971711464895,8,8,16,301_C0146_LEAKNODE,301_C0146_B,3600,300,"[start_time, end_time)",26.510635375976562,0.17609361924199957,0.02915994251333387,83daae4474d196ac760c50e456aa4c9b05a06f4053e8759fe3971736b0f9a834
C0147,test,C0147_CLEAN,C0147_LEAK,42424200147,42424200164,0.9973190257597958,269,0.3047999999999999,0.3,0.0065669289291035,4,6,10,269_C0147_LEAKNODE,269_C0147_B,3600,300,"[start_time, end_time)",26.705642700195312,1.0693348723176042,0.1314288850832145,0824ad5e69c9fabf8597363e3c98d3c6d33a3ca653567b883f3e1e16d0b9bba4
C0148,train,C0148_CLEAN,C0148_LEAK,42424200148,42424200165,0.9649400575813388,281,0.254,0.1,0.0005067074790974,4,10,14,281_C0148_LEAKNODE,281_C0148_B,3600,300,"[start_time, end_time)",26.40129852294922,0.14180241481784778,0.010509276751997735,ce39b4c0d812fc6bb221854579071413faef854ea6a388556f8d80772d69c361
C0149,validation,C0149_CLEAN,C0149_LEAK,42424200149,42424200166,0.9783501658144116,219,0.3047999999999999,0.1,0.0007296587699003,6,6,12,219_C0149_LEAKNODE,219_C0149_B,3600,300,"[start_time, end_time)",26.38214111328125,0.08890405578744845,0.015941408238002722,6e523a5f68b808b14a76cbc4148b4ed29bb2cbbe31b116f0ef7f55e1733bc37b
C0150,train,C0150_CLEAN,C0150_LEAK,42424200150,42424200167,1.1127554549384633,299,0.2032,0.1,0.0003242927866223,8,12,20,299_C0150_LEAKNODE,299_C0150_B,3600,300,"[start_time, end_time)",26.487281799316406,0.03951034927389574,0.007090938279963036,608d9907f862f3c9f1b43bc7330f41000301b0b6ccc37ac365c00c985999e070
C0151,test,C0151_CLEAN,C0151_LEAK,42424200151,42424200168,0.8852638063276647,229,0.6095999999999999,0.1,0.0029186350796015,10,6,16,229_C0151_LEAKNODE,229_C0151_B,3600,300,"[start_time, end_time)",1.8254585266113281,0.37181853576476687,0.06735768880448034,d99c24d6941affc200f0a50ee4a850993be09fbb77151a9cc5cbb47fc1b57a4c
C0152,train,C0152_CLEAN,C0152_LEAK,42424200152,42424200169,1.0867735490143136,289,0.254,0.1,0.0005067074790974,8,12,20,289_C0152_LEAKNODE,289_C0152_B,3600,300,"[start_time, end_time)",26.778945922851562,0.15248018062155538,0.007633246211310151,524980f56922948aecf7678e5dc71cffe081105b4a190c97bb2473303722f1e1
C0153,train,C0153_CLEAN,C0153_LEAK,42424200153,42424200170,1.061300773635385,329,0.762,0.2,0.0182414692475099,4,12,16,329_C0153_LEAKNODE,329_C0153_B,3600,300,"[start_time, end_time)",26.37030029296875,0.5470804368876556,0.45638304003168245,f7baba2afa50d75a0d6f9bbd352130bda7dd3ab30f6fe7bc7c5f8bd90656f6a7
C0154,validation,C0154_CLEAN,C0154_LEAK,42424200154,42424200171,1.0981338528768367,243,0.4064,0.1,0.0012971711464895,6,12,18,243_C0154_LEAKNODE,243_C0154_B,3600,300,"[start_time, end_time)",26.824668884277344,0.5179086000175452,0.028690871869098362,d49852e140e7469fa204d17cd6953393293987529268d2bcaa0be355160010f9
C0155,train,C0155_CLEAN,C0155_LEAK,42424200155,42424200172,0.9806770344686528,239,0.3047999999999999,0.1,0.0007296587699003,12,6,18,239_C0155_LEAKNODE,239_C0155_B,3600,300,"[start_time, end_time)",26.413589477539062,0.08404631996435288,0.01577758487485638,4d1cc44261679d16320612f11cf3b49da6d6c69906fd2f52483a00e3108caf62
C0156,test,C0156_CLEAN,C0156_LEAK,42424200156,42424200173,1.132868157460107,323,0.3047999999999999,0.3,0.0065669289291035,10,12,22,323_C0156_LEAKNODE,323_C0156_B,3600,300,"[start_time, end_time)",26.790740966796875,0.772091151845356,0.13753544652172053,1637b7d171d9a19cc38004ba6b19d532684379c3eaf20c6a65b18720971bd9f4
C0157,train,C0157_CLEAN,C0157_LEAK,42424200157,42424200174,0.9581305711550934,313,0.3047999999999999,0.1,0.0007296587699003,10,12,22,313_C0157_LEAKNODE,313_C0157_B,3600,300,"[start_time, end_time)",0.41397857666015625,0.11306338258545705,0.016663302922912203,47983ce0716abe53428babc4b33f28b71b4e37a2588cd3a6254c11acfa83bb6f
C0158,train,C0158_CLEAN,C0158_LEAK,42424200158,42424200175,0.9681138353908776,111,0.3047999999999999,0.3,0.0065669289291035,12,8,20,111_C0158_LEAKNODE,111_C0158_B,3600,300,"[start_time, end_time)",26.828781127929688,0.6094028351418691,0.14099117119022364,45fd8449c71495b96cf231ae2cca50254b7949a260013f7503d009b55af9f831
C0159,calibration,C0159_CLEAN,C0159_LEAK,42424200159,42424200176,0.914311214936085,183,0.762,0.1,0.0045603673118774,4,10,14,183_C0159_LEAKNODE,183_C0159_B,3600,300,"[start_time, end_time)",26.754547119140625,0.8682960492721866,0.10422052963523488,902cada54754064b8e1af6f8ab0e68cc23128993a296836921de641f1a00f465
C0160,train,C0160_CLEAN,C0160_LEAK,42424200160,42424200177,1.1090847590109645,221,0.2032,0.2,0.0012971711464895,10,10,20,221_C0160_LEAKNODE,221_C0160_B,3600,300,"[start_time, end_time)",26.86358642578125,0.3270731450803066,0.028699992978015218,8ab1831539573d73426041f04597486f45d81bee9600ba60acf0212e7550d466
C0161,train,C0161_CLEAN,C0161_LEAK,42424200161,42424200178,0.9724215167499884,261,0.2032,0.1,0.0003242927866223,10,6,16,261_C0161_LEAKNODE,261_C0161_B,3600,300,"[start_time, end_time)",26.409515380859375,0.04837026947546017,0.006949467745726095,37f8c064cb8a387a881ddd26c2562bf80239c4c2a3745ce200f3fb79d232f169
C0162,train,C0162_CLEAN,C0162_LEAK,42424200162,42424200179,0.9582925297166852,113,0.3047999999999999,0.2,0.0029186350796015,8,8,16,113_C0162_LEAKNODE,113_C0162_B,3600,300,"[start_time, end_time)",26.72735595703125,0.46229165625688934,0.06587959471846815,70c5c6dda3959d97b0357f7f1b27191b648b14b313028e7ae33274a8681b4fd6
C0163,train,C0163_CLEAN,C0163_LEAK,42424200163,42424200180,0.9055433150635256,173,0.762,0.1,0.0045603673118774,4,6,10,173_C0163_LEAKNODE,173_C0163_B,3600,300,"[start_time, end_time)",26.674354553222656,0.5016493706671633,0.10326330842840081,a0221910f56f8980f920b2510020d28f9c5b5326564c6bc968e933c5c969aa1f
C0164,validation,C0164_CLEAN,C0164_LEAK,42424200164,42424200181,1.0290476923320266,211,0.3047999999999999,0.2,0.0029186350796015,4,8,12,211_C0164_LEAKNODE,211_C0164_B,3600,300,"[start_time, end_time)",27.0479736328125,0.32345394571542835,0.06703459128456513,b222aab4f74b4ccc5cfc20eb1f3226f6c00dce50fe0a13bddf22f196c6ab16bd
C0165,calibration,C0165_CLEAN,C0165_LEAK,42424200165,42424200182,1.1124145861825456,119,0.3047999999999999,0.1,0.0007296587699003,6,10,16,119_C0165_LEAKNODE,119_C0165_B,3600,300,"[start_time, end_time)",26.45343780517578,0.0843927572859305,0.016309519714576646,fcf956993f802842c3fe3a925e010ba187fd0c3aa2e46858da0f5b7dc213113e
C0166,test,C0166_CLEAN,C0166_LEAK,42424200166,42424200183,0.8949182689504687,125,0.762,0.2,0.0182414692475099,8,12,20,125_C0166_LEAKNODE,125_C0166_B,3600,300,"[start_time, end_time)",26.59691619873047,1.9273755427254626,0.41828259522192107,8f72fce1300512b666f9c5dc9b26b402215c682ab9a21bb3c8715dfe935225b7
C0167,train,C0167_CLEAN,C0167_LEAK,42424200167,42424200184,0.8603745135047127,275,0.3047999999999999,0.2,0.0029186350796015,10,10,20,275_C0167_LEAKNODE,275_C0167_B,3600,300,"[start_time, end_time)",26.718093872070312,0.6259332262589542,0.06141152812428226,a1ce1156f50bf42c4d4eacbda48a88ac57b65f4c7ce3f81ae1cbc7bfb81135df
C0168,test,C0168_CLEAN,C0168_LEAK,42424200168,42424200185,1.028893984852495,203,0.2032,0.3,0.0029186350796015,12,6,18,203_C0168_LEAKNODE,203_C0168_B,3600,300,"[start_time, end_time)",26.71460723876953,0.31696063092043747,0.06263508016697569,e89bd24a4980ed2754d90609efec07ec1f505d639a0192bd1c1d69f344f12e39
C0169,train,C0169_CLEAN,C0169_LEAK,42424200169,42424200186,0.9083363774492392,117,0.3047999999999999,0.3,0.0065669289291035,12,8,20,117_C0169_LEAKNODE,117_C0169_B,3600,300,"[start_time, end_time)",26.79839324951172,0.6843517349965119,0.1428631534831876,675ff93126d49a302070a79c73a20a8335b45b292264ca830f37462f8457e986
C0170,train,C0170_CLEAN,C0170_LEAK,42424200170,42424200187,0.8710560107579015,187,0.762,0.3,0.0410433058068973,8,8,16,187_C0170_LEAKNODE,187_C0170_B,3600,300,"[start_time, end_time)",26.68133544921875,4.666597442754481,0.8510405193313718,046e6d3be60207a83dee83e6cbb2e4516fa1f012109b091ed1c27e372580e725
C0171,train,C0171_CLEAN,C0171_LEAK,42424200171,42424200188,0.9315943502193008,135,0.6095999999999999,0.2,0.0116745403184063,10,10,20,135_C0171_LEAKNODE,135_C0171_B,3600,300,"[start_time, end_time)",26.361724853515625,0.5756422055949847,0.22323955170722895,3f249d345a06ff3664a5c7a646a7dcc8d51c649d94a3a5610cf7a4944dc2abad
C0172,train,C0172_CLEAN,C0172_LEAK,42424200172,42424200189,0.9842013512894277,215,0.3047999999999999,0.2,0.0029186350796015,10,8,18,215_C0172_LEAKNODE,215_C0172_B,3600,300,"[start_time, end_time)",26.88372039794922,0.421877912263988,0.06341110588811984,fa8130b7cc183569c3f2cc106d0b302d87da17830ebcbd2ee5d8516e0bfda17a
C0173,calibration,C0173_CLEAN,C0173_LEAK,42424200173,42424200190,0.8916138972217532,233,0.6095999999999999,0.2,0.0116745403184063,10,6,16,233_C0173_LEAKNODE,233_C0173_B,3600,300,"[start_time, end_time)",26.840599060058594,1.099510981512379,0.2512297994714361,8384bcdc1ebf58a019ecc6619ea6ef6e97b558facbec301172c40400f028d1e8
C0174,train,C0174_CLEAN,C0174_LEAK,42424200174,42424200191,1.0543839297753117,247,0.4064,0.2,0.0051886845859583,12,12,24,247_C0174_LEAKNODE,247_C0174_B,3600,300,"[start_time, end_time)",26.56756591796875,1.0307027590859577,0.10372014123124552,82f946c4b905ee1d0ca75012f8a2aabfcbaaf80021e75ab3c554ad36c8c043f1
C0175,train,C0175_CLEAN,C0175_LEAK,42424200175,42424200192,0.8862134447899561,271,0.2032,0.2,0.0012971711464895,8,12,20,271_C0175_LEAKNODE,271_C0175_B,3600,300,"[start_time, end_time)",2.1952972412109375,0.3600408979304026,0.027642536485072516,06d8a3b7964e66ca70eda7ee43eb65a7bb4d003978add9a964aa101be4421fe8
C0176,train,C0176_CLEAN,C0176_LEAK,42424200176,42424200193,0.86724622456393,101,0.4572,0.2,0.0065669289291035,10,10,20,101_C0176_LEAKNODE,101_C0176_B,3600,300,"[start_time, end_time)",5.344419002532959,0.5983982396277873,0.11495880687511914,1247ac6a58cf17462109303d11fad7101e56399278cf4ccb7ac8a0a441ec8fc8
C0177,train,C0177_CLEAN,C0177_LEAK,42424200177,42424200194,1.131348295237912,186,0.2032,0.1,0.0003242927866223,6,6,12,186_C0177_LEAKNODE,186_C0177_B,3600,300,"[start_time, end_time)",26.46723175048828,0.03997732000184596,0.006954474692626642,501ed3dbfd16fe72d537b414da6bb13ffe39aeb2042c6016c4ef46d1d141c9d9
C0178,train,C0178_CLEAN,C0178_LEAK,42424200178,42424200195,1.0506234992074972,151,0.2032,0.1,0.0003242927866223,10,8,18,151_C0178_LEAKNODE,151_C0178_B,3600,300,"[start_time, end_time)",26.46112823486328,0.046961128003665385,0.0072084977968663415,b8098ca33d8e7d1b46b73983b5fc03192213680ba9ce59191efa5fc7d9b331eb
C0179,train,C0179_CLEAN,C0179_LEAK,42424200179,42424200196,1.1254037733683715,305,0.3047999999999999,0.3,0.0065669289291035,4,8,12,305_C0179_LEAKNODE,305_C0179_B,3600,300,"[start_time, end_time)",27.120269775390625,0.508935388442482,0.1482701982765173,50e5f3dd06841ffc3a8b6bc48227eccad12abc6540dcbc2176f17de37c9a5d15
C0180,train,C0180_CLEAN,C0180_LEAK,42424200180,42424200197,1.1405117834606158,213,0.3047999999999999,0.1,0.0007296587699003,4,8,12,213_C0180_LEAKNODE,213_C0180_B,3600,300,"[start_time, end_time)",30.213340759277344,0.4438902368090051,0.01678408050053354,da644bb492a0bb940410f902267e2157f65d953437625cbf0eff75208570941c
C0181,test,C0181_CLEAN,C0181_LEAK,42424200181,42424200198,1.0934949081388858,195,0.3047999999999999,0.1,0.0007296587699003,10,12,22,195_C0181_LEAKNODE,195_C0181_B,3600,300,"[start_time, end_time)",26.514511108398438,0.07736648256573185,0.016027912972229344,96ed63e5002496d1616cdd7505aa8fdae10b4efbec1d36246fce71d81afeddb9
C0182,train,C0182_CLEAN,C0182_LEAK,42424200182,42424200199,1.0235705787121034,175,0.762,0.1,0.0045603673118774,8,12,20,175_C0182_LEAKNODE,175_C0182_B,3600,300,"[start_time, end_time)",26.801666259765625,0.5864940099621484,0.10207964166262465,0fa5828779b0aa58d279acc9e258c41920c98d619da20ac4646c3bd8c09385bd
C0183,train,C0183_CLEAN,C0183_LEAK,42424200183,42424200200,1.1076053831031256,309,0.2032,0.2,0.0012971711464895,10,6,16,309_C0183_LEAKNODE,309_C0183_B,3600,300,"[start_time, end_time)",26.677650451660156,0.24205870715740394,0.028371504550145,137324f3542db4b578fa48cd88ccef18d7191a73dc99495a84c6ec930877ec14
C0184,train,C0184_CLEAN,C0184_LEAK,42424200184,42424200201,0.9234959752958934,107,0.3047999999999999,0.2,0.0029186350796015,6,10,16,107_C0184_LEAKNODE,107_C0184_B,3600,300,"[start_time, end_time)",26.676254272460938,0.46948649994527647,0.06272216868703757,ddc0974a6b92b99b7df8a8f9f3e6c0d2f4c4e96f6bbec47662efe7d5fecfa8dc
C0185,train,C0185_CLEAN,C0185_LEAK,42424200185,42424200202,0.9882602089177666,311,0.3047999999999999,0.1,0.0007296587699003,8,12,20,311_C0185_LEAKNODE,311_C0185_B,3600,300,"[start_time, end_time)",26.576431274414062,0.17995610603056636,0.015674286121448815,42dce7e8b1a91818e0c6a6eb97cffa5fce9d44ddec0fbb5828612349425b1c00
C0186,train,C0186_CLEAN,C0186_LEAK,42424200186,42424200203,1.0483951321443916,189,0.762,0.2,0.0182414692475099,12,12,24,189_C0186_LEAKNODE,189_C0186_B,3600,300,"[start_time, end_time)",26.378517150878906,2.6963118325512405,0.3990253341237393,3ecb18346f987e9c10b250b58f2dbb25e04a3ef17a97b6d8416e88d2deee29e1
C0187,train,C0187_CLEAN,C0187_LEAK,42424200187,42424200204,1.12292889013548,129,0.6095999999999999,0.3,0.0262677157164142,12,8,20,129_C0187_LEAKNODE,129_C0187_B,3600,300,"[start_time, end_time)",25.644760131835938,1.7773001737162002,0.5881789685392127,4cd01e8d396c36b766333a88ec1f0d871f79bf29ddc492bac5ada04f8c777cac
C0188,train,C0188_CLEAN,C0188_LEAK,42424200188,42424200205,0.9289935830433078,235,0.3047999999999999,0.3,0.0065669289291035,12,12,24,235_C0188_LEAKNODE,235_C0188_B,3600,300,"[start_time, end_time)",26.654098510742188,0.7705534967201932,0.14173366561421247,d2767bc907c1dff7090987dcb629a5c914465b93d8e213cd9b6dcf7ad7901c2a
C0189,train,C0189_CLEAN,C0189_LEAK,42424200189,42424200206,1.045724044315163,191,0.6095999999999999,0.1,0.0029186350796015,8,10,18,191_C0189_LEAKNODE,191_C0189_B,3600,300,"[start_time, end_time)",28.42121124267578,0.44794321813040583,0.06747144685542424,e2c7c829c853ac26973588b0fba88a975215ff931f0c031789430780d89b3fc3
C0190,train,C0190_CLEAN,C0190_LEAK,42424200190,42424200207,1.089779525502625,257,0.3047999999999999,0.1,0.0007296587699003,4,6,10,257_C0190_LEAKNODE,257_C0190_B,3600,300,"[start_time, end_time)",27.10120391845703,0.11977012948695938,0.015497601099322763,744373f2c4e5284fa815f22c18fc58ee7293ffb22185ec9e0789e242f9b2d36e
C0191,train,C0191_CLEAN,C0191_LEAK,42424200191,42424200208,0.9097912871353964,145,0.2032,0.2,0.0012971711464895,10,8,18,145_C0191_LEAKNODE,145_C0191_B,3600,300,"[start_time, end_time)",2.0467376708984375,0.16391442270569884,0.02627914664804467,989153736db7ea6075bdaba79bcdb579da2a0c27eedeb0b771452fad779eef9e
C0192,train,C0192_CLEAN,C0192_LEAK,42424200192,42424200209,1.0330923919357613,263,0.3047999999999999,0.1,0.0007296587699003,6,8,14,263_C0192_LEAKNODE,263_C0192_B,3600,300,"[start_time, end_time)",26.550994873046875,0.19243652126457655,0.015437011931798578,b7a0c3a1f78f12fb504bc024aa317549b37f4cf7e75614470dbeb0c8c6fa011e
C0193,train,C0193_CLEAN,C0193_LEAK,42424200193,42424200210,1.1003990118992808,161,0.2032,0.3,0.0029186350796015,8,8,16,161_C0193_LEAKNODE,161_C0193_B,3600,300,"[start_time, end_time)",26.723777770996094,0.41111429004513067,0.060431435511549204,1d4df2773d7041617a7063c30f370d2a8e5532a5b70898b67aced643b3b68886
C0194,train,C0194_CLEAN,C0194_LEAK,42424200194,42424200211,0.9386179415573724,295,0.3047999999999999,0.2,0.0029186350796015,6,8,14,295_C0194_LEAKNODE,295_C0194_B,3600,300,"[start_time, end_time)",4.871068954467773,0.6020482251246465,0.05790412342260586,89f1df75f86181f9bb0aae31d23e6f74a5d1bac9d82647877775405ae4f3f71d
C0195,validation,C0195_CLEAN,C0195_LEAK,42424200195,42424200212,0.9156021795043088,147,0.2032,0.2,0.0012971711464895,8,8,16,147_C0195_LEAKNODE,147_C0195_B,3600,300,"[start_time, end_time)",3.3590087890625,0.24749828676577826,0.029001045176804834,f4e999d3a73d456e3f1c078dbd6fc7264fab0fb15a773bb69c7c50c4baf29b9c
C0196,validation,C0196_CLEAN,C0196_LEAK,42424200196,42424200213,1.0253079830036629,60,0.6095999999999999,0.1,0.0029186350796015,8,8,16,60_C0196_LEAKNODE,60_C0196_B,3600,300,"[start_time, end_time)",26.530975341796875,0.02246195375249579,0.07892223685161168,61f9606579335b001c49030ceb740e99c00b85458cd571c5841f055465dc1d66
C0197,train,C0197_CLEAN,C0197_LEAK,42424200197,42424200214,1.0535216407418928,277,0.3047999999999999,0.2,0.0029186350796015,6,12,18,277_C0197_LEAKNODE,277_C0197_B,3600,300,"[start_time, end_time)",26.75848388671875,0.7821582772851127,0.059154213685757746,a1674b51ee9f470937f74f13bdfdce0719247ff08d98457e9b3561d6c1e9d166
C0198,train,C0198_CLEAN,C0198_LEAK,42424200198,42424200215,1.1060750657691143,223,0.3047999999999999,0.3,0.0065669289291035,6,10,16,223_C0198_LEAKNODE,223_C0198_B,3600,300,"[start_time, end_time)",27.49346160888672,0.5848903754041074,0.13550554663858108,7120e0a5a2a4c66ab439e7effee9c14bb7172ba84a92c51a2b02d22732ad64bd
C0199,train,C0199_CLEAN,C0199_LEAK,42424200199,42424200216,1.1287038157829017,287,0.254,0.1,0.0005067074790974,10,10,20,287_C0199_LEAKNODE,287_C0199_B,3600,300,"[start_time, end_time)",26.47393035888672,0.08365047655187408,0.01008217560551185,ac0716dadb86ed5938b16aa71a2eaad428ce9633202c68beed9133a3cf9f67c8
C0200,calibration,C0200_CLEAN,C0200_LEAK,42424200200,42424200217,1.048401885789246,159,0.3047999999999999,0.3,0.0065669289291035,8,8,16,159_C0200_LEAKNODE,159_C0200_B,3600,300,"[start_time, end_time)",26.663055419921875,0.7388880165633246,0.12012755761329051,b2c6f029a580d9ae196779264ce56bcffac4a8451643e624a2b9b6c69090d59f
C0201,validation,C0201_CLEAN,C0201_LEAK,42424200201,42424200218,0.9188782437897332,180,0.3555999999999999,0.1,0.000993146659031,6,8,14,180_C0201_LEAKNODE,180_C0201_B,3600,300,"[start_time, end_time)",2.4575986862182617,0.16043372466983216,0.022855635737550357,f22c9b841261afcee6400371a13d64f1bd96328a18d94b821e719d99633959b0
C0202,validation,C0202_CLEAN,C0202_LEAK,42424200202,42424200219,0.9265726578653996,285,0.3047999999999999,0.2,0.0029186350796015,4,8,12,285_C0202_LEAKNODE,285_C0202_B,3600,300,"[start_time, end_time)",5.021633148193359,0.7414170562721579,0.059243346342478534,15a9112699f8cc226a32d6ca9e7a6d883c939aac8bc5626e171d3987070c20e8
C0203,train,C0203_CLEAN,C0203_LEAK,42424200203,42424200220,0.9355234723985072,307,0.3047999999999999,0.1,0.0007296587699003,8,8,16,307_C0203_LEAKNODE,307_C0203_B,3600,300,"[start_time, end_time)",2.129084587097168,0.0951283047226162,0.017440207546246672,1408feb932eded420e78d8477d3cafbbfad43f9ccdaa4049960ea6a2970e4689
C0204,train,C0204_CLEAN,C0204_LEAK,42424200204,42424200221,1.0764399532904116,131,0.6095999999999999,0.3,0.0262677157164142,6,10,16,131_C0204_LEAKNODE,131_C0204_B,3600,300,"[start_time, end_time)",26.528053283691406,1.5789529691167143,0.5353779620445316,5b502a4bf03072b86e534ea8c9b4fe345455d88de4354d2f297e0dc48bffc94c
C0205,calibration,C0205_CLEAN,C0205_LEAK,42424200205,42424200222,0.864076315926682,179,0.762,0.1,0.0045603673118774,10,6,16,179_C0205_LEAKNODE,179_C0205_B,3600,300,"[start_time, end_time)",2.1476058959960938,0.5040455190530635,0.10380069050920834,a4cbf8904275a514d79d7bf6321a96011796b161592c63c5e5ca02793b66aaff
C0206,train,C0206_CLEAN,C0206_LEAK,42424200206,42424200223,1.1178397998725884,297,0.2032,0.1,0.0003242927866223,4,6,10,297_C0206_LEAKNODE,297_C0206_B,3600,300,"[start_time, end_time)",27.424522399902344,0.027441938372470207,0.007537152600512679,7a4b50c614455bf57ab5fab7b21b0fded4e5726c48d30f6be9a871895614b9cf
C0207,validation,C0207_CLEAN,C0207_LEAK,42424200207,42424200224,1.1486641428579174,137,0.4064,0.2,0.0051886845859583,6,10,16,137_C0207_LEAKNODE,137_C0207_B,3600,300,"[start_time, end_time)",28.444992065429688,0.3562235289980831,0.11428938908094237,b57a949968f128ce3a40a511ed48995aaf6a6ec21bb0e07f1b404cb091fba812
C0208,train,C0208_CLEAN,C0208_LEAK,42424200208,42424200225,1.1160235599818429,121,0.3047999999999999,0.3,0.0065669289291035,8,12,20,121_C0208_LEAKNODE,121_C0208_B,3600,300,"[start_time, end_time)",26.674087524414062,0.4912631040571168,0.14646253022515082,44a88dd768a4c8356c2b3708b4885300fb51a1ce07a45a15a034166374b359c0
C0209,train,C0209_CLEAN,C0209_LEAK,42424200209,42424200226,0.9347643516308244,204,0.3047999999999999,0.1,0.0007296587699003,10,6,16,204_C0209_LEAKNODE,204_C0209_B,3600,300,"[start_time, end_time)",0.5299301147460938,0.08903393838628292,0.015627627294787692,3533387e24067a58382ef3e92925da2727cab381bf0d3a750897f2feed3067b6
C0210,test,C0210_CLEAN,C0210_LEAK,42424200210,42424200227,0.8679306237507041,245,0.4064,0.3,0.0116745403184063,6,10,16,245_C0210_LEAKNODE,245_C0210_B,3600,300,"[start_time, end_time)",28.56267547607422,2.6192168301392216,0.21861430550188274,af79e20db12a5f372b6da75dd17c1ed75b7ddda820b3c12e90a0cc5691abf9ca
C0211,train,C0211_CLEAN,C0211_LEAK,42424200211,42424200228,1.0257933639276071,241,0.3047999999999999,0.3,0.0065669289291035,8,8,16,241_C0211_LEAKNODE,241_C0211_B,3600,300,"[start_time, end_time)",28.256324768066406,1.0919169296345037,0.13297393693851134,71e007eb539962dd830b24efd41c9976d51f1dcd761dd6bf40f36481efbb4ea4
C0212,train,C0212_CLEAN,C0212_LEAK,42424200212,42424200229,0.9107769296878973,181,0.3555999999999999,0.2,0.0039725866361243,10,12,22,181_C0212_LEAKNODE,181_C0212_B,3600,300,"[start_time, end_time)",26.89020538330078,0.5867498874594141,0.09065061287362462,1a7122ebfb1df3d1f352a4a9716ad0c500352211abf8162a6fd071f73154459c
C0213,calibration,C0213_CLEAN,C0213_LEAK,42424200213,42424200230,1.1333573048787973,209,0.2032,0.2,0.0012971711464895,4,12,16,209_C0213_LEAKNODE,209_C0213_B,3600,300,"[start_time, end_time)",30.14392852783203,0.5015964246740061,0.030513881996830066,813a3abf381e0d03726a514a8b13244bccc68d1fb0f1d359d0152052355882c5
C0214,train,C0214_CLEAN,C0214_LEAK,42424200214,42424200231,0.9568177937540886,321,0.762,0.2,0.0182414692475099,12,6,18,321_C0214_LEAKNODE,321_C0214_B,3600,300,"[start_time, end_time)",26.70661163330078,1.07115367224772,0.39829562494392573,9044f02c6ee369fc25607d840ef1f286335fc96f597b008f7c1633035a5a87b9
C0215,calibration,C0215_CLEAN,C0215_LEAK,42424200215,42424200232,0.984089848849654,207,0.3047999999999999,0.3,0.0065669289291035,6,8,14,207_C0215_LEAKNODE,207_C0215_B,3600,300,"[start_time, end_time)",28.14545440673828,0.5108803449015814,0.14599997475911147,6192a39b2f24352d452c13ac06efacb67fdd5b44279c7eed6372e3f39850bb99
C0216,validation,C0216_CLEAN,C0216_LEAK,42424200216,42424200233,1.0580052397739204,283,0.3047999999999999,0.1,0.0007296587699003,4,12,16,283_C0216_LEAKNODE,283_C0216_B,3600,300,"[start_time, end_time)",26.49781036376953,0.2500554325442243,0.014988203138971678,77dac0b8eb784331fe663f7707990786fd308eb6294372905b0c466db1a39c17
C0217,train,C0217_CLEAN,C0217_LEAK,42424200217,42424200234,1.0830021742724445,103,0.4064,0.2,0.0051886845859583,10,10,20,103_C0217_LEAKNODE,103_C0217_B,3600,300,"[start_time, end_time)",26.604713439941406,0.3883308531702579,0.10406066419812103,798fc529d9bf866099204d8cb0066e5d53707e9bf9a4bd4639b29d8166df5cf6
C0218,calibration,C0218_CLEAN,C0218_LEAK,42424200218,42424200235,1.068163335614614,225,0.3047999999999999,0.2,0.0029186350796015,4,12,16,225_C0218_LEAKNODE,225_C0218_B,3600,300,"[start_time, end_time)",27.00079345703125,0.5895408846102252,0.06381747834551474,ac473198058ae7042773d10192a414aeb8dba3c7e10f59b4205010c9e64b707b
C0219,train,C0219_CLEAN,C0219_LEAK,42424200219,42424200236,1.0610006794089526,333,0.762,0.3,0.0410433058068973,4,10,14,333_C0219_LEAKNODE,333_C0219_B,3600,300,"[start_time, end_time)",33.691593170166016,0.720354175254433,1.053238112253529,816c7cb33e0881cadf45541779a5154d2ec76d0b0a9aad0a48add5cc35464e90
C0220,train,C0220_CLEAN,C0220_LEAK,42424200220,42424200237,0.9149204564175364,249,0.4064,0.3,0.0116745403184063,4,10,14,249_C0220_LEAKNODE,249_C0220_B,3600,300,"[start_time, end_time)",28.521751403808594,2.4610730211771044,0.1925382979368876,30efffe8c8ea1bccd9401fe967cb96a77e9fd6f0e1b260c7d3bbd668dcb80ad2
C0221,train,C0221_CLEAN,C0221_LEAK,42424200221,42424200238,1.032858160240327,116,0.3047999999999999,0.2,0.0029186350796015,4,8,12,116_C0221_LEAKNODE,116_C0221_B,3600,300,"[start_time, end_time)",27.029556274414062,0.4068872211005657,0.06504200046869427,c532a3d32e5ae89d8f9a7aa8a4bf9a7b65a4f152a2403ebd3c3f35f27dd9e67b
C0222,train,C0222_CLEAN,C0222_LEAK,42424200222,42424200239,1.0236034472451243,163,0.3047999999999999,0.1,0.0007296587699003,10,10,20,163_C0222_LEAKNODE,163_C0222_B,3600,300,"[start_time, end_time)",26.51605987548828,0.0905403358192639,0.014113187111372792,b08a35231bd634d2bb27f7816a8a53d48786988624efb919bceb147cce6b2c66
C0223,train,C0223_CLEAN,C0223_LEAK,42424200223,42424200240,0.9531595854628868,114,0.2032,0.1,0.0003242927866223,12,6,18,114_C0223_LEAKNODE,114_C0223_B,3600,300,"[start_time, end_time)",26.42748260498047,0.03292274821301284,0.007378255324414165,3020d84ad3cdbd06a4d7b32f81910b5fdf1339a663315124b0a7a8ef994b6939
C0224,train,C0224_CLEAN,C0224_LEAK,42424200224,42424200241,1.1191692828247262,197,0.3047999999999999,0.3,0.0065669289291035,10,10,20,197_C0224_LEAKNODE,197_C0224_B,3600,300,"[start_time, end_time)",26.80767822265625,0.48023474355294954,0.14199667119702974,e495e66a6be81da547623d200ffd1ffa83fe3be8a0220125d33966e4e0f23c5b
C0225,train,C0225_CLEAN,C0225_LEAK,42424200225,42424200242,0.9319084481837366,193,0.6095999999999999,0.2,0.0116745403184063,8,8,16,193_C0225_LEAKNODE,193_C0225_B,3600,300,"[start_time, end_time)",28.75328826904297,0.9181992878411621,0.2542038926504731,e566b810ce4b0f3e7cf304cc5139c27c5d3e28bad337880d5f7913862a4fd4d5
C0226,train,C0226_CLEAN,C0226_LEAK,42424200226,42424200243,0.9514411593871704,217,0.3047999999999999,0.1,0.0007296587699003,10,8,18,217_C0226_LEAKNODE,217_C0226_B,3600,300,"[start_time, end_time)",26.42315673828125,0.09632675253664852,0.0156361932907654,d4bda20ead03dbd8b9e9d765114d3026b94761a4b47ceb9c0be4edb3576ca9ee
C0227,test,C0227_CLEAN,C0227_LEAK,42424200227,42424200244,1.1426744098189916,231,0.6095999999999999,0.3,0.0262677157164142,8,6,14,231_C0227_LEAKNODE,231_C0227_B,3600,300,"[start_time, end_time)",26.70281982421875,2.2698110833188863,0.49929867479384316,e77a9ac40dfcb9bc1539403e5d09d556939b2c86a2170f5b72e7df6c212cc62d
C0228,train,C0228_CLEAN,C0228_LEAK,42424200228,42424200245,1.109130106377859,149,0.2032,0.1,0.0003242927866223,8,6,14,149_C0228_LEAKNODE,149_C0228_B,3600,300,"[start_time, end_time)",26.48162078857422,0.031689073429188294,0.007567135134150544,2ab62ad1466b06dbea8f2bf43686b0c8ecbe5df9204a40c17f11698b498d5ce8
C0229,train,C0229_CLEAN,C0229_LEAK,42424200229,42424200246,1.144171460915943,199,0.3047999999999999,0.2,0.0029186350796015,4,6,10,199_C0229_LEAKNODE,199_C0229_B,3600,300,"[start_time, end_time)",29.805274963378906,0.6703866897634924,0.06691378889840714,95f1f26305af2d34669e0122fab2a42ffcd77315744b59489f77cc5a430d91a9
C0230,calibration,C0230_CLEAN,C0230_LEAK,42424200230,42424200247,1.0730332712645358,325,0.2032,0.3,0.0029186350796015,8,12,20,325_C0230_LEAKNODE,325_C0230_B,3600,300,"[start_time, end_time)",26.90996551513672,0.4958360508252801,0.06517994233292679,3d1f15993c389ae3a13708a2a874192a55b56794a06c8a71a047bf004a07a07c
C0231,train,C0231_CLEAN,C0231_LEAK,42424200231,42424200248,1.0065306244313028,273,0.3047999999999999,0.3,0.0065669289291035,12,6,18,273_C0231_LEAKNODE,273_C0231_B,3600,300,"[start_time, end_time)",26.80939483642578,0.821382570554509,0.1290583945297118,052ebce1523c77b8eca2965b03bd3d270a10d5639fd47521dbe77bf392db0788
C0232,train,C0232_CLEAN,C0232_LEAK,42424200232,42424200249,1.1341469712187426,315,0.6095999999999999,0.1,0.0029186350796015,8,6,14,315_C0232_LEAKNODE,315_C0232_B,3600,300,"[start_time, end_time)",28.714462280273438,0.39034097613347857,0.06419652897958926,7b92740960d8a0cd7e48315577e59cc387e3b02e48cdcc72f999ec566d6c0271
C0233,calibration,C0233_CLEAN,C0233_LEAK,42424200233,42424200250,1.0562384250402777,177,0.762,0.3,0.0410433058068973,8,12,20,177_C0233_LEAKNODE,177_C0233_B,3600,300,"[start_time, end_time)",26.16724395751953,6.9381287808078245,0.8385775662899297,11b55118b124cded8d8e58cdc9ef47657baaadc4133c08a362fb81276cc71085
C0234,validation,C0234_CLEAN,C0234_LEAK,42424200234,42424200251,1.141066092178984,122,0.2032,0.3,0.0029186350796015,8,12,20,122_C0234_LEAKNODE,122_C0234_B,3600,300,"[start_time, end_time)",26.687644958496094,0.22712253305720964,0.06752837527910736,adfc1eb802046e1792256f4d4a182671a94a084a288191c1e2837f4775383660
C0235,train,C0235_CLEAN,C0235_LEAK,42424200235,42424200252,0.9386997112847856,115,0.2032,0.2,0.0012971711464895,4,6,10,115_C0235_LEAKNODE,115_C0235_B,3600,300,"[start_time, end_time)",26.40770721435547,0.15490009104528524,0.02865886169443356,126b6d1580512f0d91d1cdd20e7eb0837a307c5322499bc9ed3ae03ac82ec743
C0236,validation,C0236_CLEAN,C0236_LEAK,42424200236,42424200253,0.8658526905093088,185,0.2032,0.1,0.0003242927866223,8,12,20,185_C0236_LEAKNODE,185_C0236_B,3600,300,"[start_time, end_time)",0.24262619018554688,0.07451212751564738,0.007740031397179726,ed8a942793df395d135e75ed675206e6cc0f180029f52b2686ffc2f02fa917ea
C0237,calibration,C0237_CLEAN,C0237_LEAK,42424200237,42424200254,1.1203894911614944,301,0.2032,0.2,0.0012971711464895,4,10,14,301_C0237_LEAKNODE,301_C0237_B,3600,300,"[start_time, end_time)",27.039382934570312,0.1403320301398049,0.029543787154468832,e282096511a80598c6caae051d1f77bdc64acc480748eadff7fc23880e58ddbc
C0238,validation,C0238_CLEAN,C0238_LEAK,42424200238,42424200255,0.9279012487281892,202,0.2032,0.3,0.0029186350796015,4,10,14,202_C0238_LEAKNODE,202_C0238_B,3600,300,"[start_time, end_time)",26.43701171875,0.5685429082799955,0.06167320275036739,7a3e80e1370edd38c96883411a79dc23cef0b05b18c5a6b48b7b4a761cd4ab6f
C0239,train,C0239_CLEAN,C0239_LEAK,42424200239,42424200256,1.018135283916884,291,0.254,0.2,0.0020268299163899,10,6,16,291_C0239_LEAKNODE,291_C0239_B,3600,300,"[start_time, end_time)",26.60749053955078,0.30164144912652435,0.03884811130015946,62e76eed1502c0efaab013f28b7dbf4d08069f2fe9ddebabc3848c8a71ac638f
C0240,calibration,C0240_CLEAN,C0240_LEAK,42424200240,42424200257,1.0858337728448693,183,0.762,0.1,0.0045603673118774,4,8,12,183_C0240_LEAKNODE,183_C0240_B,3600,300,"[start_time, end_time)",29.56407928466797,0.5230199151403953,0.10924265554116389,b76ce898ce1f479628180da1ee0a48d48617dad8a6f5ef269ca5d7ebfa5f16e6
