link_id,link_type,start_node,end_node,length,diameter,roughness
20,Pipe,3,20,30.1752,2.5145999999999997,199.0
40,Pipe,1,40,30.1752,2.5145999999999997,199.0
50,Pipe,2,50,30.1752,2.5145999999999997,199.0
60,Pipe,River,60,375.2088,0.6095999999999999,140.0
101,Pipe,10,101,4328.16,0.4572,110.0
103,Pipe,101,103,411.48,0.4064,130.0
105,Pipe,101,105,774.192,0.30479999999999996,130.0
107,Pipe,105,107,448.05600000000004,0.30479999999999996,130.0
109,Pipe,103,109,1200.912,0.4064,130.0
111,Pipe,109,111,609.6,0.30479999999999996,130.0
112,Pipe,115,111,353.56800000000004,0.30479999999999996,130.0
113,Pipe,111,113,512.0640000000001,0.30479999999999996,130.0
114,Pipe,115,113,609.6,0.2032,130.0
115,Pipe,107,115,594.36,0.2032,130.0
116,Pipe,113,193,505.968,0.30479999999999996,130.0
117,Pipe,263,105,830.58,0.30479999999999996,130.0
119,Pipe,115,117,664.464,0.30479999999999996,130.0
120,Pipe,119,120,222.50400000000002,0.30479999999999996,130.0
121,Pipe,120,117,569.976,0.30479999999999996,130.0
122,Pipe,121,120,624.84,0.2032,130.0
123,Pipe,121,119,609.6,0.762,141.0
125,Pipe,123,121,457.20000000000005,0.762,141.0
129,Pipe,121,125,283.464,0.6095999999999999,130.0
131,Pipe,125,127,987.552,0.6095999999999999,130.0
133,Pipe,20,127,239.268,0.508,130.0
135,Pipe,127,129,274.32,0.6095999999999999,130.0
137,Pipe,129,131,1975.104,0.4064,130.0
145,Pipe,129,139,838.2,0.2032,130.0
147,Pipe,139,141,624.84,0.2032,130.0
149,Pipe,143,141,426.72,0.2032,130.0
151,Pipe,15,143,502.92,0.2032,130.0
153,Pipe,145,141,1069.848,0.30479999999999996,130.0
155,Pipe,147,145,670.5600000000001,0.30479999999999996,130.0
159,Pipe,147,149,268.224,0.30479999999999996,130.0
161,Pipe,149,151,310.896,0.2032,130.0
163,Pipe,151,153,356.61600000000004,0.30479999999999996,130.0
169,Pipe,125,153,1389.8880000000001,0.2032,130.0
171,Pipe,119,151,1054.608,0.30479999999999996,130.0
173,Pipe,119,157,633.984,0.762,141.0
175,Pipe,157,159,886.9680000000001,0.762,141.0
177,Pipe,159,161,609.6,0.762,141.0
179,Pipe,161,163,131.064,0.762,141.0
180,Pipe,163,164,45.72,0.35559999999999997,130.0
181,Pipe,164,166,149.352,0.35559999999999997,130.0
183,Pipe,265,169,179.83200000000002,0.762,141.0
185,Pipe,167,169,18.288,0.2032,130.0
186,Pipe,187,204,30.449520000000003,0.2032,130.0
187,Pipe,169,171,387.096,0.762,141.0
189,Pipe,171,173,15.24,0.762,141.0
191,Pipe,271,171,231.64800000000002,0.6095999999999999,130.0
193,Pipe,35,181,9.144,0.6095999999999999,130.0
195,Pipe,181,177,9.144,0.30479999999999996,130.0
197,Pipe,177,179,9.144,0.30479999999999996,130.0
199,Pipe,179,183,64.00800000000001,0.30479999999999996,130.0
201,Pipe,40,179,362.71200000000005,0.30479999999999996,130.0
202,Pipe,185,184,30.449520000000003,0.2032,130.0
203,Pipe,183,185,155.448,0.2032,130.0
204,Pipe,184,205,1380.7440000000001,0.30479999999999996,130.0
205,Pipe,204,185,403.86,0.30479999999999996,130.0
207,Pipe,189,183,411.48,0.30479999999999996,130.0
209,Pipe,189,187,152.4,0.2032,130.0
211,Pipe,169,269,196.9008,0.30479999999999996,130.0
213,Pipe,191,187,780.288,0.30479999999999996,130.0
215,Pipe,267,189,374.904,0.30479999999999996,130.0
217,Pipe,191,193,158.496,0.30479999999999996,130.0
219,Pipe,193,195,109.72800000000001,0.30479999999999996,130.0
221,Pipe,161,195,701.0400000000001,0.2032,130.0
223,Pipe,197,191,350.52000000000004,0.30479999999999996,130.0
225,Pipe,111,197,850.392,0.30479999999999996,130.0
229,Pipe,173,199,1219.2,0.6095999999999999,141.0
231,Pipe,199,201,192.024,0.6095999999999999,141.0
233,Pipe,201,203,36.576,0.6095999999999999,130.0
235,Pipe,199,273,220.98000000000002,0.30479999999999996,130.0
237,Pipe,205,207,365.76,0.30479999999999996,130.0
238,Pipe,207,206,137.16,0.30479999999999996,130.0
239,Pipe,275,207,435.86400000000003,0.30479999999999996,130.0
240,Pipe,206,208,155.448,0.30479999999999996,130.0
241,Pipe,208,209,269.748,0.30479999999999996,130.0
243,Pipe,209,211,368.808,0.4064,130.0
245,Pipe,211,213,301.752,0.4064,130.0
247,Pipe,213,215,1306.068,0.4064,130.0
249,Pipe,215,217,505.968,0.4064,130.0
251,Pipe,217,219,624.84,0.35559999999999997,130.0
257,Pipe,217,225,475.488,0.30479999999999996,130.0
261,Pipe,213,229,670.5600000000001,0.2032,130.0
263,Pipe,229,231,597.408,0.30479999999999996,130.0
269,Pipe,211,237,633.984,0.30479999999999996,130.0
271,Pipe,237,229,240.792,0.2032,130.0
273,Pipe,237,239,155.448,0.30479999999999996,130.0
275,Pipe,239,241,10.668000000000001,0.30479999999999996,130.0
277,Pipe,241,243,670.5600000000001,0.30479999999999996,130.0
281,Pipe,241,247,135.636,0.254,130.0
283,Pipe,239,249,131.064,0.30479999999999996,130.0
285,Pipe,247,249,3.048,0.30479999999999996,130.0
287,Pipe,247,255,423.672,0.254,130.0
289,Pipe,50,255,281.94,0.254,130.0
291,Pipe,255,253,335.28000000000003,0.254,130.0
293,Pipe,255,251,335.28000000000003,0.2032,130.0
295,Pipe,249,251,441.96000000000004,0.30479999999999996,130.0
297,Pipe,120,257,196.596,0.2032,130.0
299,Pipe,257,259,106.68,0.2032,130.0
301,Pipe,259,263,426.72,0.2032,130.0
303,Pipe,257,261,426.72,0.2032,130.0
305,Pipe,117,261,196.596,0.30479999999999996,130.0
307,Pipe,261,263,106.68,0.30479999999999996,130.0
309,Pipe,265,267,481.584,0.2032,130.0
311,Pipe,193,267,356.61600000000004,0.30479999999999996,130.0
313,Pipe,269,189,196.9008,0.30479999999999996,130.0
315,Pipe,181,271,79.248,0.6095999999999999,130.0
317,Pipe,273,275,679.7040000000001,0.2032,130.0
319,Pipe,273,205,196.596,0.30479999999999996,130.0
321,Pipe,163,265,365.76,0.762,141.0
323,Pipe,201,275,91.44,0.30479999999999996,130.0
325,Pipe,269,271,393.192,0.2032,130.0
329,Pipe,61,123,13868.400000000001,0.762,140.0
330,Pipe,60,601,0.3048,0.762,140.0
333,Pipe,601,61,0.3048,0.762,140.0
10,Pump,Lake,10,,,
335,Pump,60,61,,,
