node_id,node_type,elevation
10,Junction,44.805600000000005
15,Junction,9.7536
20,Junction,39.3192
35,Junction,3.81
40,Junction,40.203120000000006
50,Junction,35.5092
60,Junction,0.0
601,Junction,0.0
61,Junction,0.0
101,Junction,12.8016
103,Junction,13.1064
105,Junction,8.6868
107,Junction,6.7056000000000004
109,Junction,6.1874400000000005
111,Junction,3.048
113,Junction,0.6096
115,Junction,4.2672
117,Junction,4.1452800000000005
119,Junction,0.6096
120,Junction,0.0
121,Junction,-0.6096
123,Junction,3.3528000000000002
125,Junction,3.3528000000000002
127,Junction,17.0688
129,Junction,15.5448
131,Junction,1.8288000000000002
139,Junction,9.4488
141,Junction,1.2192
143,Junction,-1.3716000000000002
145,Junction,0.3048
147,Junction,5.638800000000001
149,Junction,4.8768
151,Junction,10.2108
153,Junction,20.177760000000003
157,Junction,3.99288
159,Junction,1.8288000000000002
161,Junction,1.2192
163,Junction,1.524
164,Junction,1.524
166,Junction,-0.6096
167,Junction,-1.524
169,Junction,-1.524
171,Junction,-1.2192
173,Junction,-1.2192
177,Junction,2.4384
179,Junction,2.4384
181,Junction,2.4384
183,Junction,3.3528000000000002
184,Junction,4.8768
185,Junction,4.8768
187,Junction,3.81
189,Junction,1.2192
191,Junction,7.62
193,Junction,5.486400000000001
195,Junction,4.7244
197,Junction,7.010400000000001
199,Junction,-0.6096
201,Junction,0.030480000000000004
203,Junction,0.6096
204,Junction,6.4008
205,Junction,6.4008
206,Junction,0.3048
207,Junction,2.7432000000000003
208,Junction,4.8768
209,Junction,-0.6096
211,Junction,2.1336
213,Junction,2.1336
215,Junction,2.1336
217,Junction,1.8288000000000002
219,Junction,1.2192
225,Junction,2.4384
229,Junction,3.2004
231,Junction,1.524
237,Junction,4.2672
239,Junction,3.9624
241,Junction,3.9624
243,Junction,4.2672
247,Junction,5.486400000000001
249,Junction,5.486400000000001
251,Junction,9.144
253,Junction,10.972800000000001
255,Junction,8.2296
257,Junction,5.1816
259,Junction,7.62
261,Junction,0.0
263,Junction,0.0
265,Junction,0.0
267,Junction,6.4008
269,Junction,0.0
271,Junction,1.8288000000000002
273,Junction,2.4384
275,Junction,3.048
River,Reservoir,
Lake,Reservoir,
1,Tank,40.203120000000006
2,Tank,35.5092
3,Tank,39.3192
